participantID,timestamp,current_double_press_count,time_since_last_word_start,word_count,word_text,word_key_onsets,word_key_chars,word_key_codes,word_double_press_count
1023,7012,1.0,684,2,,[],[],[],1
1023,87114,2.0,931,33,,[],[],[],1
1023,100613,3.0,1078,37,,[],[],[],1
1023,113149,4.0,3759,39,,[],[],[],1
1041,1611,1.0,1610,0,,[],[],[],1
1041,12094,2.0,1126,2,,[],[],[],1
1041,32910,3.0,1060,8,,[],[],[],1
1041,46366,4.0,846,11,,[],[],[],1
1041,60285,5.0,717,15,,[],[],[],1
1041,65250,6.0,1255,16,,[],[],[],1
1041,76474,7.0,830,19,,[],[],[],1
1041,78544,8.0,2900,19,,[],[],[],2
1041,105035,9.0,769,30,,[],[],[],1
1041,121079,10.0,801,36,,[],[],[],1
1041,138828,11.0,748,41,,[],[],[],1
1041,150993,12.0,5909,43,,[],[],[],1
1041,175208,13.0,1868,48,,[],[],[],1
1081,26004,1.0,2177,9,,[],[],[],1
1081,90616,2.0,1195,34,,[],[],[],1
1081,92742,3.0,3321,34,,[],[],[],2
1081,95367,4.0,5946,34,,[],[],[],3
1081,129839,5.0,1455,50,,[],[],[],1
1085,5741,1.0,312,2,,[],[],[],1
1085,19093,2.0,368,7,,[],[],[],1
1085,117911,3.0,663,31,,[],[],[],1
1085,131338,4.0,2623,33,,[],[],[],1
1085,140850,5.0,831,35,,[],[],[],1
1085,170874,6.0,1367,43,,[],[],[],1
1085,179266,7.0,559,45,,[],[],[],1
1229,8449,1.0,1209,3,,[],[],[],1
1229,12903,2.0,926,5,,[],[],[],1
1229,28116,3.0,1301,11,,[],[],[],1
1229,37547,4.0,1260,14,,[],[],[],1
1229,57036,5.0,729,22,,[],[],[],1
1229,64947,6.0,805,25,,[],[],[],1
1229,98787,7.0,984,40,,[],[],[],1
1229,104735,8.0,1149,42,,[],[],[],1
1229,122750,9.0,1376,50,,[],[],[],1
1231,5321,1.0,287,2,,[],[],[],1
1231,16308,2.0,3015,6,,"[599, 272, 296, 387, 298, 186]","['B', 'R', 'E', '\x08', '\x08', '\x08']","[66, 82, 69, 8, 8, 8]",1
1231,43003,3.0,2406,17,,[],[],[],1
1231,74996,4.0,4231,27,,"[449, 176, 268, 939, 189, 575, 197, 160, 175, 172]","['C', 'A', 'N', 'D', 'Y', '\x08', '\x08', '\x08', '\x08', '\x08']","[67, 65, 78, 68, 89, 8, 8, 8, 8, 8]",1
1231,91156,5.0,239,33,,[],[],[],1
1231,145957,6.0,1037,51,coast,"[327, 170, 88, 115, 160]","['C', 'O', 'A', 'S', 'T']","[67, 79, 65, 83, 84]",1
1231,161903,7.0,914,57,,[],[],[],1
1232,56974,1.0,2159,21,,[],[],[],1
1232,141406,2.0,1967,51,,[],[],[],1
1240,17192,1.0,400,11,,[],[],[],1
1240,37426,2.0,417,18,,[],[],[],1
1240,126098,3.0,489,51,,[],[],[],1
1241,17140,1.0,588,5,,[],[],[],1
1241,27310,2.0,482,8,,[],[],[],1
1241,40803,3.0,1167,13,,[],[],[],1
1241,54111,4.0,487,17,,[],[],[],1
1241,73800,5.0,1741,24,,[],[],[],1
1241,89481,6.0,2684,30,,[],[],[],1
1241,101272,7.0,419,34,,[],[],[],1
1241,115680,8.0,1175,38,,[],[],[],1
1241,146754,9.0,2146,48,,[],[],[],1
1241,172362,10.0,1561,58,,[],[],[],1
1241,177340,11.0,543,59,,[],[],[],1
1243,10581,1.0,533,4,,[],[],[],1
1243,29389,2.0,629,12,,[],[],[],1
1243,41533,3.0,2288,14,,[],[],[],1
1243,52309,4.0,727,19,,[],[],[],1
1243,61932,5.0,598,21,,[],[],[],1
1243,118141,6.0,2929,38,,[],[],[],1
1243,154333,7.0,1787,49,,[],[],[],1
1244,103372,1.0,1054,16,,[],[],[],1
1244,141986,2.0,1488,23,,[],[],[],1
1245,69520,1.0,5381,21,,[],[],[],1
1245,81532,2.0,2533,24,,[],[],[],1
1245,116781,3.0,1655,33,,[],[],[],1
1279,65748,1.0,3721,15,,[],[],[],1
1279,134881,2.0,1216,31,,[],[],[],1
1280,2116,1.0,2115,0,,[],[],[],1
1280,4603,2.0,4602,0,,[],[],[],2
1280,13844,3.0,1960,6,,[],[],[],1
1280,27108,4.0,2464,10,,[],[],[],1
1280,103916,5.0,1296,43,,[],[],[],1
1282,161966,1.0,693,72,,[],[],[],1
1283,2537,1.0,2536,0,,[],[],[],1
1283,27866,2.0,2592,9,,[],[],[],1
1283,160455,3.0,3408,49,,"[2335, 169, 456, 143]","['S', 'O', '\x08', '\x08']","[83, 79, 8, 8]",1
1284,55438,1.0,3129,21,,[],[],[],1
1286,76570,1.0,1337,26,,[],[],[],1
1287,14864,1.0,3074,4,,[],[],[],1
1288,152244,1.0,2352,47,,[],[],[],1
1288,152724,2.0,2832,47,,[],[],[],2
1288,153204,3.0,3312,47,,[],[],[],3
1288,153684,4.0,3792,47,,[],[],[],4
1288,154196,5.0,4304,47,,[],[],[],5
1288,154692,6.0,4800,47,,[],[],[],6
1289,7635,1.0,652,3,,[],[],[],1
1289,39532,2.0,654,14,,[],[],[],1
1289,70702,3.0,2185,25,,[],[],[],1
1289,78272,4.0,3892,26,,"[945, 169, 294, 181, 125, 849, 171, 134, 293, 167]","['W', 'A', 'T', 'E', 'R', '\x08', '\x08', '\x08', '\x08', '\x08']","[87, 65, 84, 69, 82, 8, 8, 8, 8, 8]",1
1289,93254,5.0,1058,31,,[],[],[],1
1289,111665,6.0,2402,36,,[],[],[],1
1291,38183,1.0,2216,20,,"[448, 385, 135, 431, 161, 151]","['E', 'A', 'T', '\x08', '\x08', '\x08']","[69, 65, 84, 8, 8, 8]",1
1291,56847,2.0,1368,30,,[],[],[],1
1291,115297,3.0,1169,56,,[],[],[],1
1291,122383,4.0,633,58,,[],[],[],1
1291,125944,5.0,4194,58,,"[2954, 104, 592, 143]","['B', 'U', '\x08', '\x08']","[66, 85, 8, 8]",2
1291,146648,6.0,735,67,,[],[],[],1
1292,46267,1.0,4924,19,,"[818, 209, 166, 124, 169, 479, 1603, 502, 46, 31, 32, 31, 31, 32, 31, 31, 31, 46, 31]","['S', 'A', 'U', 'S', 'A', 'G', '\x08', '\x08', '\x08', '\x08', '\x08', '\x08', '\x08', '\x08', '\x08', '\x08', '\x08', '\x08', '\x08']","[83, 65, 85, 83, 65, 71, 8, 8, 8, 8, 8, 8, 8, 8, 8, 8, 8, 8, 8]",1
1293,38525,1.0,2080,13,,[],[],[],1
1293,68962,2.0,1334,24,,[],[],[],1
1293,84969,3.0,2398,29,,[],[],[],1
1293,104619,4.0,5152,35,,[],[],[],1
1294,4405,1.0,326,1,,[],[],[],1
1294,16998,2.0,310,8,,[],[],[],1
1294,34485,3.0,479,20,,[],[],[],1
1294,44047,4.0,447,25,,[],[],[],1
1294,51384,5.0,377,28,,[],[],[],1
1294,113869,6.0,472,65,,[],[],[],1
1294,140927,7.0,497,74,,[],[],[],1
1294,147895,8.0,318,78,,[],[],[],1
1294,155557,9.0,341,82,,[],[],[],1
1294,157997,10.0,466,83,,[],[],[],1
1295,122568,1.0,2425,30,,[],[],[],1
1295,123903,2.0,3760,30,,[],[],[],2
1295,125649,3.0,5506,30,,[],[],[],3
1296,2845,1.0,665,1,,[],[],[],1
1296,9258,2.0,1774,4,,[],[],[],1
1296,24425,3.0,654,13,,[],[],[],1
1296,26965,4.0,3194,13,,"[1999, 738]","['F', '\x08']","[70, 8]",2
1296,60136,5.0,1197,30,,[],[],[],1
1296,84164,6.0,1957,42,,[],[],[],1
1296,86696,7.0,4489,42,,[],[],[],2
1296,91390,8.0,3222,43,,"[1811, 497]","['B', '\x08']","[66, 8]",1
1296,117644,9.0,736,62,,[],[],[],1
1298,168632,1.0,706,116,,[],[],[],1
1299,7543,1.0,2830,3,,[],[],[],1
1299,23358,2.0,591,10,,[],[],[],1
1299,26032,3.0,3265,10,,[],[],[],2
1299,35648,4.0,510,14,,[],[],[],1
1299,55866,5.0,1492,20,,[],[],[],1
1299,57901,6.0,3527,20,,[],[],[],2
1299,70209,7.0,557,24,,[],[],[],1
1299,79900,8.0,2580,27,,[],[],[],1
1299,119230,9.0,4656,38,,"[1247, 76, 161, 593, 180, 368, 101, 556]","['\x10', 'H', 'A', '\x08', '\x08', '\x10', 'H', '\x08']","[16, 72, 65, 8, 8, 16, 72, 8]",1
1299,148998,10.0,482,41,,[],[],[],1
1301,78559,1.0,4536,24,,"[1095, 177, 112, 159, 401, 958, 499, 46, 38, 15, 32, 53, 15, 32, 31, 38, 31]","['B', 'A', 'N', 'A', 'N', '\x08', '\x08', '\x08', '\x08', '\x08', '\x08', '\x08', '\x08', '\x08', '\x08', '\x08', '\x08']","[66, 65, 78, 65, 78, 8, 8, 8, 8, 8, 8, 8, 8, 8, 8, 8, 8]",1
1301,135701,2.0,918,41,,[],[],[],1
1302,1255,1.0,1254,0,,[],[],[],1
1302,7670,2.0,583,3,,[],[],[],1
1302,20527,3.0,836,8,,[],[],[],1
1302,23067,4.0,3377,8,,[],[],[],2
1302,32727,5.0,3501,12,,[],[],[],1
1302,59682,6.0,5256,24,,[],[],[],1
1302,75435,7.0,3211,29,,"[1605, 126, 737, 278]","['C', 'H', '\x08', '\x08']","[67, 72, 8, 8]",1
1302,82514,8.0,1972,31,,[],[],[],1
1302,97122,9.0,2922,37,,"[1351, 121, 405, 334, 193, 145]","['R', 'E', 'R', '\x08', '\x08', '\x08']","[82, 69, 82, 8, 8, 8]",1
1302,132865,10.0,528,51,,[],[],[],1
1302,172638,11.0,2561,71,,"[437, 199, 93, 177, 512, 182, 158, 342]","['B', 'I', 'R', 'D', '\x08', '\x08', '\x08', '\x08']","[66, 73, 82, 68, 8, 8, 8, 8]",1
1304,33607,1.0,5339,11,toilet,"[2157, 86, 99, 350, 157, 235, 884, 622, 92]","['T', 'O', 'I', 'L', 'E', 'T', 'P', '\x08', '.']","[84, 79, 73, 76, 69, 84, 80, 8, 46]",1
1305,121581,1.0,1746,40,,[],[],[],1
1306,8217,1.0,742,5,,[],[],[],1
1306,22055,2.0,1462,10,,[],[],[],1
1306,49316,3.0,2895,19,,[],[],[],1
1306,123333,4.0,491,44,,[],[],[],1
1309,26347,1.0,488,16,,[],[],[],1
1309,73692,2.0,5375,35,,"[2535, 2321]","['M', '\x08']","[77, 8]",1
1311,118747,1.0,2463,16,,[],[],[],1
1313,11797,1.0,2352,2,,[],[],[],1
1313,18931,2.0,1743,3,,[],[],[],1
1313,23378,3.0,2207,4,,[],[],[],1
1313,37312,4.0,1063,8,,[],[],[],1
1313,66139,5.0,749,14,,[],[],[],1
1313,82195,6.0,1574,18,,[],[],[],1
1313,108655,7.0,1246,24,,[],[],[],1
1313,120357,8.0,478,27,,[],[],[],1
1313,126132,9.0,911,28,,[],[],[],1
1313,132091,10.0,542,29,,[],[],[],1
1313,141177,11.0,1006,31,,[],[],[],1
1313,146665,12.0,6494,31,,"[3703, 96, 160, 392, 150, 153]","['S', 'A', 'L', '\x08', '\x08', '\x08']","[83, 65, 76, 8, 8, 8]",2
1313,155432,13.0,543,34,,[],[],[],1
1313,161024,14.0,767,35,,[],[],[],1
1313,168653,15.0,622,36,,[],[],[],1
1313,172926,16.0,4895,36,,[],[],[],2
1314,15232,1.0,1368,4,,[],[],[],1
1314,34912,2.0,1312,8,,[],[],[],1
1314,58868,3.0,3544,13,,[],[],[],1
1314,89987,4.0,933,20,,[],[],[],1
1314,117266,5.0,2895,25,,[],[],[],1
1314,158961,6.0,1119,35,,[],[],[],1
1314,173907,7.0,1495,38,,[],[],[],1
1316,37907,1.0,1936,9,,[],[],[],1
1316,74503,2.0,1447,18,,[],[],[],1
1316,146589,3.0,1729,37,,[],[],[],1
1316,161042,4.0,668,40,,[],[],[],1
1316,164667,5.0,4293,40,cool,"[2657, 275, 146, 434]","['C', 'O', 'O', 'L']","[67, 79, 79, 76]",2
1317,11488,1.0,530,8,to,"[183, 151]","['T', 'O']","[84, 79]",1
1317,115325,2.0,619,71,,[],[],[],1
1317,116453,3.0,1747,71,,[],[],[],2
1317,117322,4.0,2616,71,,[],[],[],3
1317,118093,5.0,3387,71,,[],[],[],4
1317,124481,6.0,473,74,,[],[],[],1
1317,165338,7.0,913,95,,[],[],[],1
1317,166042,8.0,1617,95,,[],[],[],2
1317,166738,9.0,2313,95,,[],[],[],3
1317,167307,10.0,2882,95,,[],[],[],4
1317,167927,11.0,3502,95,,[],[],[],5
1317,168418,12.0,3993,95,,[],[],[],6
1317,168880,13.0,4455,95,,[],[],[],7
1317,169372,14.0,4947,95,,[],[],[],8
1317,169860,15.0,5435,95,,[],[],[],9
1317,170354,16.0,5929,95,,[],[],[],10
1318,4647,1.0,1271,1,,[567],['\x10'],[16],1
1318,7662,2.0,615,2,,[],[],[],1
1318,13694,3.0,407,5,,[],[],[],1
1318,18046,4.0,319,7,,[],[],[],1
1318,36774,5.0,311,17,,[],[],[],1
1318,95035,6.0,462,40,,[],[],[],1
1318,107564,7.0,1671,43,,[752],['\x10'],[16],1
1318,127308,8.0,366,49,,[],[],[],1
1318,154819,9.0,4206,56,,[],[],[],1
1379,23288,1.0,1456,9,,[],[],[],1
1380,4784,1.0,1207,1,,[],[],[],1
1380,21160,2.0,751,5,,[],[],[],1
1381,4909,1.0,3175,1,,"[1530, 115, 199, 442, 150, 149]","['M', 'E', 'A', '\x08', '\x08', '\x08']","[77, 69, 65, 8, 8, 8]",1
1381,16546,2.0,2634,4,,[],[],[],1
1381,40970,3.0,4441,14,,[],[],[],1
1381,61068,4.0,5866,19,,[],[],[],1
1381,80880,5.0,3719,24,,[],[],[],1
1381,132955,6.0,1633,42,,[],[],[],1
1381,135504,7.0,4182,42,,[],[],[],2
1382,2388,1.0,627,1,,[],[],[],1
1382,7601,2.0,1597,4,,[],[],[],1
1382,24191,3.0,1015,14,,[],[],[],1
1383,12176,1.0,2545,4,,[],[],[],1
1383,50958,2.0,3926,18,,"[1452, 1589]","['H', '\x08']","[72, 8]",1
1383,54753,3.0,7721,18,,"[1452, 1589]","['H', '\x08']","[72, 8]",2
1383,90883,4.0,1553,30,,[],[],[],1
1383,119630,5.0,1637,39,,[],[],[],1
1384,63474,1.0,1848,18,,[],[],[],1
1384,65097,2.0,3471,18,,[],[],[],2
1384,90633,3.0,1175,24,,[],[],[],1
1384,148010,4.0,632,42,,[],[],[],1
1385,3397,1.0,512,1,,[],[],[],1
1385,11013,2.0,456,3,,[],[],[],1
1385,15268,3.0,4711,3,,"[4160, 264]","['\x14', '\x14']","[20, 20]",2
1385,18005,4.0,7448,3,,"[4160, 264, 903, 201, 472, 104, 536, 119, 152, 176, 157]","['\x14', '\x14', 'J', '\x14', 'A', 'M', '\x14', '\x08', '\x08', '\x08', '\x08']","[20, 20, 74, 20, 65, 77, 20, 8, 8, 8, 8]",3
1385,24341,5.0,536,5,,[],[],[],1
1385,76460,6.0,1463,16,,[],[],[],1
1385,106741,7.0,592,26,,[],[],[],1
1385,183069,8.0,3488,46,,[],[],[],1
1386,8754,1.0,1489,3,,[],[],[],1
1386,18017,2.0,2367,5,,[],[],[],1
1386,27953,3.0,1911,8,,[],[],[],1
1386,36482,4.0,1713,10,,[],[],[],1
1386,45536,5.0,3214,12,,[],[],[],1
1386,59785,6.0,4136,15,,[],[],[],1
1386,70833,7.0,4264,17,,[],[],[],1
1386,78416,8.0,3431,18,,[],[],[],1
1386,86752,9.0,1568,21,,[],[],[],1
1386,103040,10.0,1479,24,,[],[],[],1
1386,104911,11.0,3350,24,,[],[],[],2
1386,127208,12.0,3231,29,,[],[],[],1
1386,140448,13.0,1456,33,,[],[],[],1
1386,156839,14.0,896,39,,[],[],[],1
1386,162392,15.0,1263,40,,[],[],[],1
1386,177966,16.0,2710,45,,[],[],[],1
1387,9210,1.0,1017,4,,[],[],[],1
1387,28670,2.0,1730,11,,[],[],[],1
1387,64980,3.0,2263,28,,[],[],[],1
1387,142219,4.0,1766,46,,[],[],[],1
1388,8425,1.0,1997,2,,[],[],[],1
1388,137632,2.0,1419,40,,[],[],[],1
1388,139914,3.0,3701,40,,[],[],[],2
1388,145939,4.0,1862,41,,[],[],[],1
1388,161239,5.0,2001,46,,[],[],[],1
1389,1034,1.0,1034,0,,[],[],[],1
1389,26282,2.0,831,9,,[],[],[],1
1389,32314,3.0,2799,10,,[],[],[],1
1389,75602,4.0,1255,23,,[],[],[],1
1389,87009,5.0,2759,26,,[],[],[],1
1389,101098,6.0,2840,30,,[],[],[],1
1389,128986,7.0,1224,38,,[],[],[],1
1391,7028,1.0,2332,3,,[],[],[],1
1391,117861,2.0,2299,54,,[],[],[],1
1392,60107,1.0,1348,32,,[],[],[],1
1394,1922,1.0,354,1,,[],[],[],1
1394,4068,2.0,292,2,,[],[],[],1
1394,5093,3.0,1316,2,,[],[],[],2
1394,8337,4.0,1295,3,,[],[],[],1
1394,10296,5.0,1178,4,,[],[],[],1
1394,14517,6.0,3001,5,,"[1389, 117, 822, 172]","['O', 'R', '\x08', '\x08']","[79, 82, 8, 8]",1
1394,18211,7.0,314,6,,[],[],[],1
1394,21844,8.0,623,8,,[],[],[],1
1394,24686,9.0,1240,9,,[],[],[],1
1394,28377,10.0,4931,9,excellent,"[2772, 669, 240, 144, 117, 178, 80, 127, 154]","['E', 'X', 'C', 'E', 'L', 'L', 'E', 'N', 'T']","[69, 88, 67, 69, 76, 76, 69, 78, 84]",2
1394,36100,11.0,2479,11,ecv,"[1081, 255, 279]","['E', 'C', 'V']","[69, 67, 86]",1
1394,41736,12.0,1572,12,,[],[],[],1
1394,43966,13.0,353,13,,[],[],[],1
1394,46960,14.0,3347,13,super,"[1523, 500, 248, 180, 215, 164, 59]","['O', '\x08', 'S', 'U', 'P', 'E', 'R']","[79, 8, 83, 85, 80, 69, 82]",2
1394,49054,15.0,1947,14,song,"[992, 232, 74, 91]","['S', 'O', 'N', 'G']","[83, 79, 78, 71]",1
1394,53459,16.0,4303,15,sovereign,"[1669, 199, 92, 459, 399, 389, 150, 172, 107]","['S', 'O', 'V', 'E', 'R', 'E', 'I', 'G', 'N']","[83, 79, 86, 69, 82, 69, 73, 71, 78]",1
1394,61069,17.0,3409,17,,[],[],[],1
1394,66601,18.0,2773,18,t,[2110],['T'],[84],1
1394,71854,19.0,1180,19,,[],[],[],1
1394,84131,20.0,13457,19,tra,"[10372, 156, 1002, 1062, 280]","['T', 'R', 'E', '\x08', 'A']","[84, 82, 69, 8, 65]",2
1394,92321,21.0,2468,21,bard,"[922, 340, 210, 107, 143, 199]","['S', '\x08', 'B', 'A', 'R', 'D']","[83, 8, 66, 65, 82, 68]",1
1394,97477,22.0,1095,23,reaver,"[224, 69, 112, 149, 107, 75]","['R', 'E', 'A', 'V', 'E', 'R']","[82, 69, 65, 86, 69, 82]",1
1394,100195,23.0,2638,24,wrong,"[1765, 111, 142, 96, 97]","['W', 'R', 'O', 'N', 'G']","[87, 82, 79, 78, 71]",1
1394,104563,24.0,1070,26,,[],[],[],1
1394,106577,25.0,3084,26,,[],[],[],2
1394,108110,26.0,4617,26,,[],[],[],3
1394,116536,27.0,357,30,,[],[],[],1
1394,123998,28.0,2102,32,m,"[309, 21, 381, 147, 189, 149, 451]","['A', 'L', '\x08', '\x08', 'M', 'A', '\x08']","[65, 76, 8, 8, 77, 65, 8]",1
1394,134619,29.0,926,35,,[],[],[],1
1394,142021,30.0,360,38,,[],[],[],1
1394,147035,31.0,355,40,,[],[],[],1
1394,153560,32.0,568,42,,[],[],[],1
1394,162075,33.0,441,45,,[],[],[],1
1394,168686,34.0,1102,47,barge,"[171, 165, 81, 194, 63]","['B', 'A', 'R', 'G', 'E']","[66, 65, 82, 71, 69]",1
1394,173554,35.0,320,49,,[],[],[],1
1395,7761,1.0,7761,0,,[],[],[],1
1395,41049,2.0,3667,8,,[],[],[],1
1395,95303,3.0,2317,18,,[],[],[],1
1395,163683,4.0,3189,30,,[],[],[],1
1397,1295,1.0,1264,0,,[],[],[],1
1397,5349,2.0,928,1,,[],[],[],1
1397,37645,3.0,1060,13,,[],[],[],1
1397,44671,4.0,1705,15,,[],[],[],1
1397,85663,5.0,507,36,,[],[],[],1
1397,110773,6.0,2172,43,,[],[],[],1
1397,131369,7.0,1162,48,,[],[],[],1
1397,179160,8.0,841,66,,[],[],[],1
1398,54068,1.0,2676,19,,[],[],[],1
1398,55964,2.0,4573,19,,[],[],[],2
1398,58582,3.0,7191,19,,[],[],[],3
1398,125099,4.0,1052,51,,[],[],[],1
1398,126154,5.0,2107,51,,[],[],[],2
1398,127108,6.0,3061,51,,[],[],[],3
1398,160442,7.0,2895,66,,[],[],[],1
1400,42773,1.0,1613,14,,[],[],[],1
1402,67808,1.0,1065,29,,[],[],[],1
1402,158413,2.0,1930,61,,[],[],[],1
1403,12037,1.0,1940,7,,"[438, 999]","['H', '\x08']","[72, 8]",1
1403,33386,2.0,2590,12,,[],[],[],1
1403,37034,3.0,6238,12,,[],[],[],2
1403,50265,4.0,1847,17,,[],[],[],1
1403,63654,5.0,3437,20,,"[2213, 116, 506, 203]","['T', 'E', '\x08', '\x08']","[84, 69, 8, 8]",1
1403,82953,6.0,1943,29,,[],[],[],1
1403,106738,7.0,3133,35,,[],[],[],1
1403,128804,8.0,491,43,,[],[],[],1
1403,141923,9.0,1787,46,,[],[],[],1
1403,157970,10.0,3618,50,,[],[],[],1
1403,161538,11.0,7186,50,,[],[],[],2
1405,44014,1.0,2172,15,,[],[],[],1
1405,61014,2.0,1558,21,,[],[],[],1
1406,39871,1.0,4736,8,,[],[],[],1
1406,59875,2.0,8299,10,,[],[],[],1
1406,76800,3.0,9243,11,,[],[],[],1
1406,112832,4.0,4520,16,,[],[],[],1
1407,149427,1.0,1083,33,,[],[],[],1
1408,10022,1.0,1440,5,,[],[],[],1
1408,22182,2.0,560,12,,[],[],[],1
1408,53758,3.0,296,30,,[],[],[],1
1408,123149,4.0,2975,52,,"[271, 128, 128, 216, 80, 1136, 169, 159, 144, 168]","['S', 'P', 'O', 'O', 'N', '\x08', '\x08', '\x08', '\x08', '\x08']","[83, 80, 79, 79, 78, 8, 8, 8, 8, 8]",1
1408,167629,5.0,2535,73,,"[1191, 40, 232, 400, 184, 168]","['R', 'E', 'S', '\x08', '\x08', '\x08']","[82, 69, 83, 8, 8, 8]",1
1408,180117,6.0,1567,78,,[],[],[],1
1409,7048,1.0,990,2,,[],[],[],1
1409,14534,2.0,1056,8,,[],[],[],1
1409,32475,3.0,491,17,,[],[],[],1
1409,44296,4.0,421,25,,[],[],[],1
1409,58453,5.0,1433,31,,[],[],[],1
1409,63963,6.0,1094,32,,[],[],[],1
1409,131999,7.0,3813,57,,"[262, 160, 580, 150, 200]","['W', 'A', '\x08', '\x08', '\x08']","[87, 65, 8, 8, 8]",1
1409,172406,8.0,433,72,,[],[],[],1
1410,25642,1.0,5867,8,,[],[],[],1
1410,172833,2.0,7762,53,,[],[],[],1
1411,103870,1.0,4618,19,,[],[],[],1
1411,166536,2.0,6616,30,glass,"[4977, 183, 248, 272, 199]","['G', 'L', 'A', 'S', 'S']","[71, 76, 65, 83, 83]",1
1412,13015,1.0,578,6,,[],[],[],1
1412,58998,2.0,918,27,,[],[],[],1
1412,86861,3.0,491,37,,[],[],[],1
1412,96531,4.0,546,41,,[],[],[],1
1412,169076,5.0,438,69,,[],[],[],1
1412,173310,6.0,387,70,,[],[],[],1
1413,133735,1.0,5608,26,,[],[],[],1
1415,37079,1.0,944,7,,[],[],[],1
1415,47100,2.0,910,9,,[],[],[],1
1415,48725,3.0,2535,9,,[],[],[],2
1416,15323,1.0,1199,5,,[],[],[],1
1416,25515,2.0,782,9,,[],[],[],1
1416,38323,3.0,654,12,,[],[],[],1
1416,50379,4.0,824,16,,[],[],[],1
1416,66451,5.0,943,21,,[],[],[],1
1416,74243,6.0,1375,23,,[],[],[],1
1416,103947,7.0,2239,32,jacket,"[536, 96, 223, 129, 184, 216]","['J', 'A', 'C', 'K', 'E', 'T']","[74, 65, 67, 75, 69, 84]",1
1416,120165,8.0,1337,37,,[],[],[],1
1416,135572,9.0,1303,42,,[],[],[],1
1416,148131,10.0,2367,45,,[],[],[],1
1416,161211,11.0,863,48,,[],[],[],1
1416,172412,12.0,664,50,,[],[],[],1
1417,13269,1.0,557,4,,[],[],[],1
1417,15689,2.0,2977,4,,[],[],[],2
1417,19925,3.0,1467,5,,[692],['\x10'],[16],1
1417,42438,4.0,3713,11,S,"[1375, 372, 161, 581, 593, 200]","['\x10', 'S', 'H', 'O', '\x08', '\x08']","[16, 83, 72, 79, 8, 8]",1
1417,64877,5.0,1809,17,,[],[],[],1
1417,81457,6.0,540,20,,[],[],[],1
1417,90483,7.0,489,23,,[],[],[],1
1417,107486,8.0,1639,27,,[],[],[],1
1417,117444,9.0,2012,29,,[],[],[],1
1417,167058,10.0,1190,41,,[],[],[],1
1417,176553,11.0,4527,42,,"[2380, 112, 292, 236, 73, 597, 176, 124, 125, 100]","['\x10', 'H', 'U', 'N', 'G', '\x08', '\x08', '\x08', '\x08', '\x08']","[16, 72, 85, 78, 71, 8, 8, 8, 8, 8]",1
1418,9414,1.0,1398,2,,[],[],[],1
1418,25310,2.0,1215,5,,[],[],[],1
1418,42221,3.0,1221,10,,[],[],[],1
1418,93156,4.0,2508,27,,[637],['\x08'],[8],1
1418,116516,5.0,1669,32,and,"[774, 80, 152]","['A', 'N', 'D']","[65, 78, 68]",1
1419,3202,1.0,797,1,,[],[],[],1
1419,8437,2.0,838,2,,[],[],[],1
1419,27494,3.0,760,7,,[],[],[],1
1419,55145,4.0,1264,14,,[],[],[],1
1419,107812,5.0,1828,26,,[],[],[],1
1419,124267,6.0,755,30,,[],[],[],1
1419,151989,7.0,831,38,,[],[],[],1
1419,171984,8.0,694,44,,[],[],[],1
1422,2040,1.0,2040,0,,[],[],[],1
1422,53558,2.0,2677,15,,[],[],[],1
1422,56024,3.0,5143,15,,[],[],[],2
1422,90388,4.0,3182,23,,[2215],['\x10'],[16],1
1423,12530,1.0,1457,3,,[],[],[],1
1423,40947,2.0,783,10,,[],[],[],1
1423,62921,3.0,561,17,,[],[],[],1
1423,141320,4.0,1632,32,,[],[],[],1
1424,52239,1.0,390,45,,[],[],[],1
1424,112234,2.0,626,93,,[],[],[],1
1425,39901,1.0,353,8,,[],[],[],1
1425,49282,2.0,928,9,,[],[],[],1
1425,86161,3.0,1921,22,callof,"[467, 279, 79, 135, 639, 169]","['C', 'A', 'L', 'L', 'O', 'F']","[67, 65, 76, 76, 79, 70]",1
1425,105544,4.0,385,30,,[],[],[],1
1428,5536,1.0,440,3,,[],[],[],1
1428,14367,2.0,399,6,,[],[],[],1
1428,39910,3.0,543,13,,[],[],[],1
1428,52029,4.0,399,17,,[],[],[],1
1428,77700,5.0,359,26,,[],[],[],1
1428,93867,6.0,360,32,,[],[],[],1
1428,105402,7.0,408,34,,[],[],[],1
1428,111825,8.0,343,35,,[],[],[],1
1428,172278,9.0,344,57,,[],[],[],1
1429,13713,1.0,1031,6,,[],[],[],1
1429,16284,2.0,3603,6,,[],[],[],2
1429,34344,3.0,1398,11,,[],[],[],1
1429,95839,4.0,1594,35,,[],[],[],1
1429,98842,5.0,1157,36,,[],[],[],1
1429,103525,6.0,1104,38,,[],[],[],1
1429,107565,7.0,905,39,,[],[],[],1
1429,119061,8.0,2368,41,,[],[],[],1
1429,180202,9.0,812,67,,[],[],[],1
1430,1334,1.0,1332,0,,[],[],[],1
1430,10933,2.0,451,4,,[],[],[],1
1430,23601,3.0,522,12,,[],[],[],1
1430,56789,4.0,508,33,,[],[],[],1
1430,58615,5.0,2334,33,,[],[],[],2
1430,72603,6.0,907,39,,[],[],[],1
1431,9796,1.0,779,3,,[],[],[],1
1431,15718,2.0,506,4,,[],[],[],1
1431,23717,3.0,921,7,,[],[],[],1
1431,35738,4.0,841,13,,[],[],[],1
1431,81071,5.0,2546,30,,[],[],[],1
1431,102094,6.0,1835,34,,[],[],[],1
1431,132133,7.0,1924,42,,[],[],[],1
1431,135128,8.0,678,43,,[],[],[],1
1431,152879,9.0,633,47,,[],[],[],1
1431,173515,10.0,2015,49,,[],[],[],1
1431,174985,11.0,3485,49,,[],[],[],2
1432,65006,1.0,1726,20,,[],[],[],1
1432,66382,2.0,3102,20,,[],[],[],2
1433,6440,1.0,1767,2,,"[412, 628]","['A', '\x08']","[65, 8]",1
1433,36602,2.0,2331,17,,[],[],[],1
1433,39003,3.0,4732,17,s. ,[3406],['S'],[83],2
1433,52132,4.0,1667,22,,[],[],[],1
1433,83472,5.0,5273,35,,"[2714, 678, 220, 237, 488, 162, 158, 168]","['F', 'L', 'A', 'V', '\x08', '\x08', '\x08', '\x08']","[70, 76, 65, 86, 8, 8, 8, 8]",1
1433,94175,6.0,5666,36,,"[2248, 139, 105, 125, 136, 498, 152, 161, 169, 1082, 411, 147]","['C', 'A', 'N', 'D', 'Y', '\x08', '\x08', '\x08', '\x08', 'A', '\x08', '\x08']","[67, 65, 78, 68, 89, 8, 8, 8, 8, 65, 8, 8]",1
1433,116453,7.0,3129,41,,[],[],[],1
1433,133500,8.0,4269,47,,"[2089, 1744]","['F', '\x08']","[70, 8]",1
1433,157803,9.0,2558,55,,[],[],[],1
1434,73896,1.0,3367,25,chef. ,"[547, 438, 1079, 156]","['C', 'H', 'E', 'F']","[67, 72, 69, 70]",1
1434,76921,2.0,6392,25,chef. ,"[547, 438, 1079, 156, 3542]","['C', 'H', 'E', 'F', ""'""]","[67, 72, 69, 70, 39]",2
1434,79184,3.0,819,26,,[],[],[],1
1434,124171,4.0,1233,43,,[],[],[],1
1434,137289,5.0,917,47,,[],[],[],1
1435,21189,1.0,3065,3,,[],[],[],1
1436,10712,1.0,1544,2,,[],[],[],1
1436,18055,2.0,1055,4,,[],[],[],1
1436,20922,3.0,3922,4,,[],[],[],2
1436,33775,4.0,6935,5,,[],[],[],1
1436,50521,5.0,2889,8,,[],[],[],1
1436,70807,6.0,6368,11,,[],[],[],1
1436,101962,7.0,874,17,,[],[],[],1
1436,120872,8.0,616,21,,[],[],[],1
1436,125257,9.0,5001,21,,[],[],[],2
1436,162154,10.0,2298,27,,[],[],[],1
1437,57145,1.0,4578,23,,[],[],[],1
1437,67176,2.0,2200,24,,[],[],[],1
1437,118984,3.0,849,41,,[],[],[],1
1437,153289,4.0,1569,48,,[],[],[],1
1439,14508,1.0,1803,6,,[],[],[],1
1439,19880,2.0,2093,7,,[],[],[],1
1439,118888,3.0,3245,30,,"[1912, 767]","['V', '\x08']","[86, 8]",1
1441,23142,1.0,1180,10,,[],[],[],1
1441,86198,2.0,2592,37,,[],[],[],1
1441,99130,3.0,792,39,,[],[],[],1
1442,9241,1.0,1030,4,,[],[],[],1
1442,11173,2.0,2962,4,,[],[],[],2
1442,37233,3.0,2115,17,,[],[],[],1
1442,47417,4.0,3567,21,,[],[],[],1
1442,69006,5.0,628,32,,[],[],[],1
1442,133352,6.0,1218,56,,[],[],[],1
1442,136620,7.0,1298,57,,[],[],[],1
1442,144787,8.0,3446,59,,[],[],[],1
1442,180934,9.0,1641,76,,[],[],[],1
1443,8245,1.0,2530,1,,[],[],[],1
1443,18289,2.0,1767,3,,[],[],[],1
1443,44491,3.0,3257,8,,[],[],[],1
1443,77057,4.0,2565,16,,[],[],[],1
1443,124623,5.0,1586,28,,[],[],[],1
1445,11088,1.0,1047,3,,[],[],[],1
1445,26085,2.0,1232,7,,[],[],[],1
1445,46868,3.0,1361,15,,[],[],[],1
1445,73972,4.0,1344,24,,[],[],[],1
1445,104714,5.0,1598,31,,[],[],[],1
1446,122439,1.0,4208,32,,[],[],[],1
1448,2352,1.0,2350,0,donut. ,"[1189, 146, 142, 189, 107]","['D', 'O', 'N', 'U', 'T']","[68, 79, 78, 85, 84]",1
1448,6939,2.0,449,1,,[],[],[],1
1448,14591,3.0,2462,3,,[],[],[],1
1448,44035,4.0,1366,11,,[],[],[],1
1448,71341,5.0,2773,17,,[],[],[],1
1448,98738,6.0,5061,25,chicken. ,"[1721, 104, 179, 119, 200, 92, 255, 387, 179, 149, 300, 120, 167]","['C', 'H', 'I', 'C', 'E', 'K', 'N', '\x08', '\x08', '\x08', 'K', 'E', 'N']","[67, 72, 73, 67, 69, 75, 78, 8, 8, 8, 75, 69, 78]",1
1448,147257,7.0,579,38,,[],[],[],1
1449,5261,1.0,1305,2,,[],[],[],1
1449,19978,2.0,1798,8,,[],[],[],1
1449,27185,3.0,1373,10,,[],[],[],1
1449,62671,4.0,765,28,,[],[],[],1
1449,71192,5.0,1262,32,,[],[],[],1
1449,87024,6.0,1094,38,,[],[],[],1
1450,2007,1.0,2007,0,,[],[],[],1
1450,10952,2.0,1682,4,,[],[],[],1
1451,34974,1.0,1471,7,,[],[],[],1
1451,53718,2.0,5863,8,,"[2191, 3056]","['O', '\x08']","[79, 8]",1
1452,71115,1.0,2085,22,,[],[],[],1
1452,99396,2.0,1397,31,,[],[],[],1
1452,106472,3.0,828,32,,[],[],[],1
1454,127727,1.0,2167,38,,[],[],[],1
1456,84042,1.0,3881,37,,"[1892, 87, 162, 509, 382, 509, 32, 31, 31]","['C', 'A', 'K', 'E', '\x08', '\x08', '\x08', '\x08', '\x08']","[67, 65, 75, 69, 8, 8, 8, 8, 8]",1
1457,38067,1.0,969,17,,[],[],[],1
1457,105393,2.0,1415,38,,[],[],[],1
1457,173362,3.0,1298,60,,[],[],[],1
1459,1502,1.0,327,1,,[],[],[],1
1459,5338,2.0,1330,3,,"[466, 529]","['F', '\x08']","[70, 8]",1
1459,12027,3.0,576,6,,[],[],[],1
1459,17705,4.0,2817,8,,"[843, 309, 223, 566, 180, 136, 150, 129]","['G', 'O', 'U', 'R', '\x08', '\x08', '\x08', '\x08']","[71, 79, 85, 82, 8, 8, 8, 8]",1
1459,24158,5.0,368,12,,[],[],[],1
1459,30365,6.0,486,15,,[],[],[],1
1459,33725,7.0,2055,16,,[],[],[],1
1459,37671,8.0,789,18,,[],[],[],1
1459,43808,9.0,2505,19,,[],[],[],1
1459,45346,10.0,4043,19,,[],[],[],2
1459,62468,11.0,1171,30,,[],[],[],1
1459,72116,12.0,254,35,,[],[],[],1
1459,81386,13.0,938,39,,[],[],[],1
1459,93922,14.0,681,46,,[],[],[],1
1459,104793,15.0,2006,51,,[],[],[],1
1459,132459,16.0,680,68,,[],[],[],1
1459,149988,17.0,502,76,,[],[],[],1
1459,153589,18.0,338,77,,[],[],[],1
1459,164381,19.0,297,84,,[],[],[],1
1461,119780,1.0,6788,52,,"[362, 828, 163, 160, 2474, 83, 193, 195, 166, 194, 345, 175, 177, 148, 179, 163]","['W', '\x08', '\x08', '\x08', 'D', 'U', 'M', 'P', 'L', 'I', '\x08', '\x08', '\x08', '\x08', '\x08', '\x08']","[87, 8, 8, 8, 68, 85, 77, 80, 76, 73, 8, 8, 8, 8, 8, 8]",1
1461,140106,2.0,3745,58,,"[1512, 182, 29, 149, 128, 473, 507, 33, 29, 31, 47, 32, 31]","['D', 'R', 'I', 'N', 'K', '\x08', '\x08', '\x08', '\x08', '\x08', '\x08', '\x08', '\x08']","[68, 82, 73, 78, 75, 8, 8, 8, 8, 8, 8, 8, 8]",1
1463,10548,1.0,1010,2,,[],[],[],1
1463,24429,2.0,818,7,,[],[],[],1
1463,41749,3.0,707,14,,[],[],[],1
1463,51445,4.0,665,17,,[],[],[],1
1463,67953,5.0,442,21,,[],[],[],1
1463,81513,6.0,415,24,,[],[],[],1
1463,86968,7.0,1959,27,,[],[],[],1
1463,121652,8.0,723,38,,[],[],[],1
1463,123476,9.0,830,39,,[],[],[],1
1463,140190,10.0,801,42,,[],[],[],1
1463,171233,11.0,1311,49,,[],[],[],1
1464,48354,1.0,1872,21,,[],[],[],1
1464,67961,2.0,391,27,,[],[],[],1
1464,71321,3.0,527,28,,[],[],[],1
1464,147456,4.0,3559,56,,[],[],[],1
1464,168488,5.0,319,64,,[],[],[],1
1464,180201,6.0,760,68,,[],[],[],1
1466,2691,1.0,1424,1,,[],[],[],1
1466,10297,2.0,1441,3,,[],[],[],1
1466,17743,3.0,1077,5,,[],[],[],1
1466,33930,4.0,1023,10,,[],[],[],1
1466,43250,5.0,1049,14,,[],[],[],1
1466,50516,6.0,1378,17,,[],[],[],1
1466,52810,7.0,903,18,,[],[],[],1
1466,67049,8.0,769,23,,[],[],[],1
1466,75928,9.0,719,27,,[],[],[],1
1466,87265,10.0,824,34,,[],[],[],1
1466,96801,11.0,1598,38,,[],[],[],1
1466,117833,12.0,648,48,,[],[],[],1
1466,123513,13.0,699,50,,[],[],[],1
1466,140033,14.0,677,57,,[],[],[],1
1466,162659,15.0,513,68,,[],[],[],1
1467,1863,1.0,1863,0,,[],[],[],1
1467,6214,2.0,462,2,,[],[],[],1
1467,13859,3.0,587,6,,[],[],[],1
1467,20883,4.0,578,9,,[],[],[],1
1467,23179,5.0,2874,9,,[],[],[],2
1467,30349,6.0,1533,12,,[],[],[],1
1467,37252,7.0,1985,15,,"[764, 753]","['J', '\x08']","[74, 8]",1
1467,47144,8.0,1437,19,,[],[],[],1
1467,60177,9.0,361,26,,[],[],[],1
1467,68610,10.0,3014,30,,[],[],[],1
1467,75660,11.0,2503,32,,[],[],[],1
1467,78167,12.0,724,33,,[],[],[],1
1467,95444,13.0,584,40,,[],[],[],1
1467,108094,14.0,1552,45,,[],[],[],1
1467,127970,15.0,1888,51,,[],[],[],1
1467,152221,16.0,3774,59,,[],[],[],1
1467,170566,17.0,3114,65,,[],[],[],1
1469,16285,1.0,1441,9,,[],[],[],1
1469,44541,2.0,1101,21,,[],[],[],1
1469,64475,3.0,933,29,,[],[],[],1
1469,170168,4.0,1775,66,,[],[],[],1
1469,178920,5.0,1151,70,,[],[],[],1
1470,126776,1.0,5779,44,,[],[],[],1
1471,12909,1.0,1220,5,,[],[],[],1
1471,28082,2.0,1920,8,,[],[],[],1
1471,82660,3.0,1471,22,,[],[],[],1
1471,155680,4.0,2850,40,,[],[],[],1
1471,171020,5.0,1510,44,,[],[],[],1
1471,182063,6.0,2703,46,,[],[],[],1
1472,129480,1.0,6900,17,,[],[],[],1
1472,175789,2.0,1163,21,,[],[],[],1
1472,177296,3.0,2670,21,,[],[],[],2
1473,5704,1.0,2401,2,,[],[],[],1
1474,2159,1.0,464,1,,[],[],[],1
1474,5663,2.0,368,3,,[],[],[],1
1474,11902,3.0,623,6,,[],[],[],1
1474,18462,4.0,768,10,,[],[],[],1
1474,29855,5.0,367,14,,[],[],[],1
1474,47839,6.0,367,22,,[],[],[],1
1474,54431,7.0,3888,23,,"[2000, 96, 95, 145, 560, 225, 160, 175]","['C', 'O', 'F', 'F', '\x08', '\x08', '\x08', '\x08']","[67, 79, 70, 70, 8, 8, 8, 8]",1
1474,56272,8.0,513,24,,[],[],[],1
1474,95023,9.0,1039,39,,[],[],[],1
1474,106336,10.0,2496,43,,"[1808, 400]","['M', '\x08']","[77, 8]",1
1474,112431,11.0,623,46,,[],[],[],1
1474,133296,12.0,448,55,,[],[],[],1
1474,135680,13.0,2832,55,,[],[],[],2
1474,177695,14.0,960,70,,[],[],[],1
1476,2890,1.0,2887,0,,[],[],[],1
1476,88497,2.0,1045,41,,[],[],[],1
1476,115143,3.0,1943,48,,[],[],[],1
1476,129954,4.0,572,55,,[],[],[],1
1476,160237,5.0,1204,66,,[],[],[],1
1477,876,1.0,875,0,,[],[],[],1
1478,32925,1.0,712,21,,[],[],[],1
1478,36583,2.0,4370,21,,[],[],[],2
1478,84732,3.0,6736,44,,[],[],[],1
1478,167771,4.0,10880,82,,[],[],[],1
1479,10108,1.0,1287,3,,[],[],[],1
1479,26685,2.0,2337,8,,[],[],[],1
1479,45835,3.0,976,13,,[],[],[],1
1479,139516,4.0,2045,47,,[],[],[],1
1479,153621,5.0,1250,50,,[],[],[],1
1479,178045,6.0,901,57,,[],[],[],1
1480,1975,1.0,1974,0,,[],[],[],1
1480,18225,2.0,509,14,,[],[],[],1
1480,22015,3.0,459,16,,[],[],[],1
1480,26185,4.0,420,18,,[],[],[],1
1480,32276,5.0,1830,21,,[],[],[],1
1480,34796,6.0,1161,22,,[],[],[],1
1480,60515,7.0,750,40,,[],[],[],1
1480,115006,8.0,2641,72,,[],[],[],1
1480,116865,9.0,4500,72,,[],[],[],2
1480,145655,10.0,790,89,,[],[],[],1
1480,167475,11.0,2360,101,,[],[],[],1
1481,3794,1.0,511,1,,[],[],[],1
1481,53684,2.0,3155,18,,[],[],[],1
1481,66928,3.0,2424,21,,[],[],[],1
1482,13367,1.0,3849,5,,[],[],[],1
1482,147131,2.0,7832,47,,[],[],[],1
1483,22114,1.0,2576,6,,[],[],[],1
1483,25817,2.0,1278,7,,[],[],[],1
1483,39471,3.0,1894,10,,[],[],[],1
1483,70233,4.0,1895,17,,[],[],[],1
1483,94641,5.0,438,23,,[],[],[],1
1483,107251,6.0,1248,27,,[],[],[],1
1483,118873,7.0,576,32,,[],[],[],1
1483,123690,8.0,928,33,,[],[],[],1
1483,143009,9.0,1190,39,,[],[],[],1
1483,158316,10.0,5088,44,jacket. ,"[3711, 146, 140, 273, 136, 88, 149, 99]","['J', 'A', 'N', '\x08', 'C', 'K', 'E', 'T']","[74, 65, 78, 8, 67, 75, 69, 84]",1
1483,174113,11.0,8888,48,,[],[],[],1
1484,3679,1.0,3678,0,,[],[],[],1
1484,12133,2.0,473,1,,[],[],[],1
1484,28065,3.0,7075,2,polyga,"[3021, 67, 617, 164, 403, 216, 337, 347, 382, 259]","['B', 'B', '\x08', '\x08', 'P', 'O', 'L', 'Y', 'G', 'A']","[66, 66, 8, 8, 80, 79, 76, 89, 71, 65]",1
1484,60603,4.0,5609,8,potaato,"[3517, 83, 621, 230, 122, 54, 155]","['P', 'O', 'T', 'A', 'A', 'T', 'O']","[80, 79, 84, 65, 65, 84, 79]",1
1484,151837,5.0,2711,31,,[],[],[],1
1485,120408,1.0,4715,27,,[],[],[],1
1485,126564,2.0,1733,28,,[],[],[],1
1485,142527,3.0,2205,31,,[],[],[],1
1486,156803,1.0,3253,51,,"[744, 407, 926, 645]","['C', 'A', '\x08', '\x08']","[67, 65, 8, 8]",1
1486,174246,2.0,1226,56,,[],[],[],1
1487,9632,1.0,1682,5,,[],[],[],1
1487,23979,2.0,1057,13,,[],[],[],1
1487,34620,3.0,1520,19,,[],[],[],1
1487,47912,4.0,911,25,,[],[],[],1
1487,74842,5.0,1480,42,,[],[],[],1
1487,106144,6.0,925,57,,[],[],[],1
1488,143909,1.0,835,27,,[],[],[],1
1488,146956,2.0,3882,27,,[],[],[],2
1490,22108,1.0,2202,7,,[],[],[],1
1490,37548,2.0,2100,13,,[],[],[],1
1490,50533,3.0,1159,18,,[],[],[],1
1491,5538,1.0,1075,2,,[],[],[],1
1491,59444,2.0,1024,24,,[],[],[],1
1491,99660,3.0,2142,40,,[],[],[],1
1491,135005,4.0,476,54,,[],[],[],1
1492,2772,1.0,2770,0,,[],[],[],1
1492,22599,2.0,2206,11,,"[933, 181, 632, 146]","['D', 'R', '\x08', '\x08']","[68, 82, 8, 8]",1
1492,39637,3.0,2799,20,,"[624, 414]","['M', '\x08']","[77, 8]",1
1492,52731,4.0,1388,29,,[],[],[],1
1492,55833,5.0,4491,29,,[],[],[],2
1492,106623,6.0,488,62,,[],[],[],1
1492,108603,7.0,2467,62,,[],[],[],2
1492,111475,8.0,5340,62,,[],[],[],3
1492,176332,9.0,1090,96,,[],[],[],1
1494,7833,1.0,1466,2,,[],[],[],1
1494,8323,2.0,1956,2,,[],[],[],2
1494,21065,3.0,1481,4,,[],[],[],1
1494,21571,4.0,1987,4,,[],[],[],2
1494,41929,5.0,5010,8,brake,"[2401, 576, 95, 309, 195]","['B', 'R', 'A', 'K', 'E']","[66, 82, 65, 75, 69]",1
1494,53548,6.0,1076,11,,[],[],[],1
1494,64933,7.0,6576,12,transm,"[2834, 367, 194, 250, 265, 321, 160, 189, 781, 185]","['T', 'R', 'A', 'N', 'S', 'M', 'E', 'I', '\x08', '\x08']","[84, 82, 65, 78, 83, 77, 69, 73, 8, 8]",1
1494,81979,8.0,2456,15,,[],[],[],1
1494,97502,9.0,5657,17,passport,"[2015, 171, 133, 412, 890, 152, 523, 261]","['P', 'A', 'S', 'S', 'P', 'O', 'R', 'T']","[80, 65, 83, 83, 80, 79, 82, 84]",1
1494,119773,10.0,3839,22,boots,"[1540, 466, 194, 271, 396]","['B', 'O', 'O', 'T', 'S']","[66, 79, 79, 84, 83]",1
1494,128752,11.0,3973,24,,[],[],[],1
1494,136366,12.0,4252,25,fork,"[1604, 317, 231, 971]","['F', 'O', 'R', 'K']","[70, 79, 82, 75]",1
1494,144571,13.0,2547,27,money,"[712, 175, 149, 381, 280]","['M', 'O', 'N', 'E', 'Y']","[77, 79, 78, 69, 89]",1
1494,171216,14.0,3232,33,,[],[],[],1
1494,171759,15.0,3776,33,,[],[],[],2
1620,7377,1.0,2200,2,,[],[],[],1
1620,56824,2.0,2083,19,,[],[],[],1
1620,78543,3.0,921,26,,[],[],[],1
1620,89264,4.0,722,30,,[],[],[],1
1622,8474,1.0,1089,5,,[],[],[],1
1622,18623,2.0,568,10,,[],[],[],1
1622,26554,3.0,778,13,,[],[],[],1
1622,36722,4.0,884,16,,[],[],[],1
1622,92956,5.0,1595,35,,[],[],[],1
1622,118336,6.0,657,45,,[],[],[],1
1622,128715,7.0,517,50,,[],[],[],1
1622,143693,8.0,795,55,,[],[],[],1
1622,149132,9.0,572,57,,[],[],[],1
1622,160377,10.0,905,61,,[],[],[],1
1623,29143,1.0,2763,10,,[],[],[],1
1623,41597,2.0,678,13,,[],[],[],1
1623,99581,3.0,574,26,,[],[],[],1
1623,143921,4.0,791,36,,[],[],[],1
1623,148546,5.0,5416,36,,[],[],[],2
1625,16316,1.0,3811,4,,[],[],[],1
1625,32544,2.0,1541,10,,[],[],[],1
1625,56220,3.0,2362,19,,[],[],[],1
1625,98534,4.0,685,34,,[],[],[],1
1625,102796,5.0,4947,34,,[],[],[],2
1625,154049,6.0,8454,47,,"[1763, 802]","['L', '\x08']","[76, 8]",1
1625,169461,7.0,2782,51,,[],[],[],1
1626,32654,1.0,935,16,,[],[],[],1
1626,67575,2.0,2926,35,grape,"[1297, 183, 83, 129, 279]","['G', 'R', 'A', 'P', 'E']","[71, 82, 65, 80, 69]",1
1626,89827,3.0,4605,39,,[],[],[],1
1627,53016,1.0,1128,15,,[],[],[],1
1627,59040,2.0,2056,16,,[],[],[],1
1627,103921,3.0,646,23,,[],[],[],1
1627,123562,4.0,1703,27,,[],[],[],1
1627,153874,5.0,1920,41,,[],[],[],1
1628,2079,1.0,2077,0,,[],[],[],1
1628,4807,2.0,4806,0,,[],[],[],2
1628,10353,3.0,499,5,i,[297],['I'],[73],1
1628,20897,4.0,725,9,,[],[],[],1
1628,23648,5.0,603,11,,[],[],[],1
1628,30013,6.0,511,15,,[],[],[],1
1628,38822,7.0,2155,18,i,"[311, 293, 120, 160, 168, 234, 124, 156, 140]","['I', 'C', 'A', 'N', 'N', '\x08', '\x08', '\x08', '\x08']","[73, 67, 65, 78, 78, 8, 8, 8, 8]",1
1628,45292,8.0,463,20,,[],[],[],1
1628,56569,9.0,451,28,,[],[],[],1
1628,75351,10.0,572,35,an,"[294, 79]","['A', 'N']","[65, 78]",1
1628,77925,11.0,404,37,,[],[],[],1
1628,117720,12.0,40199,37,,[],[],[],2
1628,130100,13.0,1609,44,,[],[],[],1
1628,137365,14.0,585,49,a,[370],['A'],[65],1
1628,146668,15.0,400,54,,[],[],[],1
1628,150135,16.0,805,56,,[],[],[],1
1628,156048,17.0,261,61,,[],[],[],1
1628,156589,18.0,802,61,i,[631],['I'],[73],2
1628,161206,19.0,434,64,,[],[],[],1
1629,24389,1.0,3911,7,,[],[],[],1
1629,49925,2.0,2719,14,,[],[],[],1
1629,102892,3.0,4015,31,,"[1863, 136, 192, 504, 184, 448]","['C', 'I', 'N', '\x08', '\x08', '\x08']","[67, 73, 78, 8, 8, 8]",1
1629,122652,4.0,3671,36,,[],[],[],1
1629,165755,5.0,2704,49,,[],[],[],1
1631,141224,1.0,3791,40,,[],[],[],1
1631,155576,2.0,9223,41,,[],[],[],1
1632,71761,1.0,6159,14,,"[2365, 2009, 635, 170, 181]","['P', 'O', '\x08', '\x08', '\x08']","[80, 79, 8, 8, 8]",1
1632,94037,2.0,3834,16,,"[2640, 140, 477, 168]","['F', 'I', '\x08', '\x08']","[70, 73, 8, 8]",1
1634,6569,1.0,747,1,,[],[],[],1
1634,7554,2.0,1731,1,,[],[],[],2
1634,15364,3.0,1139,2,,[],[],[],1
1634,24133,4.0,1119,4,,[],[],[],1
1634,29375,5.0,2550,5,,[],[],[],1
1634,53867,6.0,2483,11,,[],[],[],1
1634,57991,7.0,714,12,,[],[],[],1
1634,60862,8.0,3586,12,,[],[],[],2
1634,64866,9.0,1214,13,,[],[],[],1
1634,73889,10.0,3703,14,,[],[],[],1
1634,92383,11.0,1413,20,,[],[],[],1
1634,176662,12.0,1508,44,,[],[],[],1
1635,1554,1.0,1552,0,,[],[],[],1
1635,3821,2.0,3820,0,,[],[],[],2
1635,5655,3.0,5654,0,,[],[],[],3
1635,12064,4.0,4219,1,,[],[],[],1
1635,19654,5.0,3365,2,,[],[],[],1
1635,163335,6.0,725,43,,[],[],[],1
1635,168785,7.0,6175,43,,[],[],[],2
1636,2960,1.0,2957,0,,[],[],[],1
1636,21919,2.0,2321,6,,[],[],[],1
1636,72507,3.0,1274,24,,[],[],[],1
1636,136401,4.0,1443,46,,[],[],[],1
1637,1556,1.0,1555,0,,[],[],[],1
1637,10868,2.0,1216,2,,[],[],[],1
1637,79228,3.0,4489,16,li,"[2081, 1143]","['L', 'I']","[76, 73]",1
1637,143348,4.0,1704,30,,[],[],[],1
1637,156356,5.0,759,32,,[],[],[],1
1637,167460,6.0,542,34,,[],[],[],1
1638,22176,1.0,5112,9,,"[2831, 192, 200, 120, 168, 367, 177, 152, 160, 152]","['W', 'A', 'T', 'E', 'R', '\x08', '\x08', '\x08', '\x08', '\x08']","[87, 65, 84, 69, 82, 8, 8, 8, 8, 8]",1
1640,5163,1.0,5162,0,This,"[1994, 416, 215, 129, 223, 33]","['\x10', '\x10', 'T', 'H', 'I', 'S']","[16, 16, 84, 72, 73, 83]",1
1640,13739,2.0,1232,5,know,"[439, 160, 96, 128]","['K', 'N', 'O', 'W']","[75, 78, 79, 87]",1
1640,39794,3.0,1679,22,,[1240],['\x10'],[16],1
1640,134890,4.0,2976,70,the,"[1392, 193, 191, 64, 632, 160, 96]","['T', 'H', 'I', 'S', '\x08', '\x08', 'E']","[84, 72, 73, 83, 8, 8, 69]",1
1640,140778,5.0,1552,72,were,"[576, 56, 96, 96]","['W', 'E', 'R', 'E']","[87, 69, 82, 69]",1
1641,12758,1.0,1040,4,,[],[],[],1
1641,33430,2.0,536,14,,[],[],[],1
1641,43134,3.0,1608,15,,[],[],[],1
1641,48998,4.0,2320,16,,[],[],[],1
1641,85750,5.0,888,27,,[],[],[],1
1641,112374,6.0,1792,37,,[],[],[],1
1641,118102,7.0,7520,37,,[],[],[],2
1641,126006,8.0,2320,39,,[],[],[],1
1645,43628,1.0,5843,7,,[],[],[],1
1646,2224,1.0,376,1,,[],[],[],1
1646,35650,2.0,359,15,,[],[],[],1
1646,49125,3.0,859,18,,[],[],[],1
1646,70926,4.0,4140,23,,"[1975, 125, 124, 154, 162, 584, 175, 166, 130, 155]","['C', 'O', 'F', 'F', 'E', '\x08', '\x08', '\x08', '\x08', '\x08']","[67, 79, 70, 70, 69, 8, 8, 8, 8, 8]",1
1646,92010,5.0,719,28,,[],[],[],1
1646,102950,6.0,958,30,,[],[],[],1
1646,124282,7.0,311,34,,[],[],[],1
1646,133204,8.0,847,35,,[],[],[],1
1646,145090,9.0,323,38,,[],[],[],1
1646,157660,10.0,317,41,,[],[],[],1
1646,171358,11.0,1203,45,,[],[],[],1
1647,16426,1.0,1984,4,,[],[],[],1
1647,41602,2.0,2280,9,,[],[],[],1
1647,64393,3.0,3767,13,,[],[],[],1
1647,82857,4.0,3247,17,,[],[],[],1
1647,120218,5.0,7535,24,,"[3783, 216, 112, 1648, 192, 888]","['T', 'R', 'E', '\x08', '\x08', '\x08']","[84, 82, 69, 8, 8, 8]",1
1647,144514,6.0,3664,28,,[],[],[],1
1647,148041,7.0,7191,28,,[],[],[],2
1648,10950,1.0,2147,4,,"[1184, 481]","['D', '\x08']","[68, 8]",1
1648,21979,2.0,1496,8,,[],[],[],1
1648,23394,3.0,2911,8,,[],[],[],2
1648,72996,4.0,1361,31,,[],[],[],1
1648,84862,5.0,1827,35,,[],[],[],1
1648,108973,6.0,1570,44,,[],[],[],1
1649,23371,1.0,728,7,,[],[],[],1
1649,52188,2.0,977,14,,[],[],[],1
1649,68503,3.0,525,19,,[],[],[],1
1649,90615,4.0,3082,23,,"[990, 125, 994, 202]","['P', 'E', '\x08', '\x08']","[80, 69, 8, 8]",1
1649,111985,5.0,602,30,,[],[],[],1
1649,129928,6.0,611,34,,[],[],[],1
1649,176412,7.0,490,38,,[],[],[],1
1652,10476,1.0,1247,3,,[],[],[],1
1652,33727,2.0,652,12,,[],[],[],1
1652,50642,3.0,2017,15,,[],[],[],1
1652,170299,4.0,1302,51,,[],[],[],1
1653,14653,1.0,5766,2,,"[2464, 89, 113, 1000, 171, 183]","['T', 'O', 'M', '\x08', '\x08', '\x08']","[84, 79, 77, 8, 8, 8]",1
1653,154944,2.0,983,47,,[],[],[],1
1655,13190,1.0,2162,4,,[],[],[],1
1655,28646,2.0,625,10,,[],[],[],1
1655,51999,3.0,1557,18,,[],[],[],1
1655,148911,4.0,5948,63,orange. ,"[3901, 148, 211, 120, 91, 656]","['O', 'R', 'A', 'N', 'G', 'E']","[79, 82, 65, 78, 71, 69]",1
1655,154588,5.0,888,64,,[],[],[],1
1655,165985,6.0,698,70,,[],[],[],1
1656,11687,1.0,803,5,,[],[],[],1
1656,34438,2.0,578,15,,[],[],[],1
1656,51400,3.0,1089,21,,[],[],[],1
1656,74357,4.0,697,29,,[],[],[],1
1656,121441,5.0,2334,44,,[],[],[],1
1656,168786,6.0,1613,57,,[],[],[],1
1657,3216,1.0,3215,0,,[],[],[],1
1657,19384,2.0,440,7,,[],[],[],1
1657,24728,3.0,5784,7,,"[2552, 224, 184, 264, 96, 704, 400, 515, 31, 31, 31, 31, 32, 30, 32, 45, 31, 31, 31]","['P', 'O', 'P', 'C', 'O', '\x08', '\x08', '\x08', '\x08', '\x08', '\x08', '\x08', '\x08', '\x08', '\x08', '\x08', '\x08', '\x08', '\x08']","[80, 79, 80, 67, 79, 8, 8, 8, 8, 8, 8, 8, 8, 8, 8, 8, 8, 8, 8]",2
1657,43456,4.0,1975,14,,[],[],[],1
1657,85608,5.0,2423,32,,[],[],[],1
1657,89224,6.0,1823,33,,[],[],[],1
1657,156064,7.0,3200,57,,[],[],[],1
1658,35602,1.0,1074,21,,[],[],[],1
1658,51747,2.0,2055,28,,[],[],[],1
1659,17516,1.0,3397,3,,[],[],[],1
1660,13679,1.0,1083,5,,[],[],[],1
1660,29392,2.0,2403,9,,"[591, 529, 587, 197]","['S', 'A', '\x08', '\x08']","[83, 65, 8, 8]",1
1660,53302,3.0,603,19,,[],[],[],1
1660,78359,4.0,849,30,,[],[],[],1
1661,15320,1.0,3250,7,,[],[],[],1
1661,20699,2.0,2355,8,,[],[],[],1
1661,48808,3.0,3363,20,,"[1337, 61, 49, 120, 64, 876, 133, 132, 115, 155]","['W', 'A', 'T', 'E', 'R', '\x08', '\x08', '\x08', '\x08', '\x08']","[87, 65, 84, 69, 82, 8, 8, 8, 8, 8]",1
1661,60873,4.0,347,24,,[],[],[],1
1661,79195,5.0,1167,35,,[],[],[],1
1661,106485,6.0,1147,47,,[],[],[],1
1661,120341,7.0,3259,49,,[],[],[],1
1661,131742,8.0,4594,54,,[],[],[],1
1661,155180,9.0,632,62,,[],[],[],1
1661,164711,10.0,1447,66,,"[542, 140, 332, 112]","['M', 'A', '\x08', '\x08']","[77, 65, 8, 8]",1
1662,56543,1.0,495,54,,[],[],[],1
1662,61812,2.0,789,58,,[],[],[],1
1662,69953,3.0,307,64,,[],[],[],1
1662,84005,4.0,326,71,,[],[],[],1
1662,112379,5.0,975,89,,[],[],[],1
1662,133786,6.0,396,109,,[],[],[],1
1662,144653,7.0,672,117,,[],[],[],1
1662,162702,8.0,365,131,,[],[],[],1
1662,170832,9.0,328,137,,[],[],[],1
1662,175536,10.0,339,140,,[],[],[],1
1662,177691,11.0,762,141,,[],[],[],1
1663,2361,1.0,2360,0,,[],[],[],1
1663,15020,2.0,577,4,,[],[],[],1
1663,51661,3.0,624,24,,[],[],[],1
1663,71436,4.0,1696,31,,[],[],[],1
1663,75109,5.0,5369,31,,[],[],[],2
1663,165281,6.0,732,72,,[],[],[],1
1663,176791,7.0,3203,74,,[],[],[],1
1663,179652,8.0,6065,74,,[],[],[],2
1664,21304,1.0,2874,6,,"[1338, 641]","['D', '\x08']","[68, 8]",1
1664,33209,2.0,5638,8,,[],[],[],1
1664,38891,3.0,11320,8,,"[8320, 204, 683, 1086, 502, 33, 32, 32, 32, 46, 32, 32]","['M', 'U', 'G', '\x08', '\x08', '\x08', '\x08', '\x08', '\x08', '\x08', '\x08', '\x08']","[77, 85, 71, 8, 8, 8, 8, 8, 8, 8, 8, 8]",2
1664,72225,4.0,2475,19,,[],[],[],1
1664,89515,5.0,3841,22,,[],[],[],1
1664,141403,6.0,4054,32,,"[1383, 229, 187, 139, 823, 505, 33, 31, 31, 46, 32, 31, 31, 33]","['W', 'O', 'R', 'K', '\x08', '\x08', '\x08', '\x08', '\x08', '\x08', '\x08', '\x08', '\x08', '\x08']","[87, 79, 82, 75, 8, 8, 8, 8, 8, 8, 8, 8, 8, 8]",1
1668,181527,1.0,2812,61,,[],[],[],1
1669,99435,1.0,4953,23,,"[2361, 174, 78, 132, 950, 181, 159, 315]","['C', 'H', 'I', 'C', '\x08', '\x08', '\x08', '\x08']","[67, 72, 73, 67, 8, 8, 8, 8]",1
1670,5428,1.0,592,3,,[],[],[],1
1670,16513,2.0,600,9,,[],[],[],1
1670,29358,3.0,487,15,,[],[],[],1
1670,46311,4.0,491,25,,[],[],[],1
1670,61162,5.0,6356,27,,[],[],[],1
1670,79954,6.0,1143,35,,[],[],[],1
1670,107286,7.0,942,42,,[],[],[],1
1670,140344,8.0,8006,50,,"[5970, 131, 113, 75, 564, 500, 32, 48, 32, 32, 32, 32, 32, 32, 32]","['T', 'O', 'A', 'S', '\x08', '\x08', '\x08', '\x08', '\x08', '\x08', '\x08', '\x08', '\x08', '\x08', '\x08']","[84, 79, 65, 83, 8, 8, 8, 8, 8, 8, 8, 8, 8, 8, 8]",1
1670,143054,9.0,10716,50,,"[5970, 131, 113, 75, 564, 500, 32, 48, 32, 32, 32, 32, 32, 32, 32]","['T', 'O', 'A', 'S', '\x08', '\x08', '\x08', '\x08', '\x08', '\x08', '\x08', '\x08', '\x08', '\x08', '\x08']","[84, 79, 65, 83, 8, 8, 8, 8, 8, 8, 8, 8, 8, 8, 8]",2
1670,171675,10.0,501,57,,[],[],[],1
1672,7731,1.0,1160,2,,[],[],[],1
1672,16459,2.0,807,5,,[],[],[],1
1672,33619,3.0,2960,10,,[],[],[],1
1672,43737,4.0,812,14,,[],[],[],1
1672,58849,5.0,845,21,,[],[],[],1
1672,80973,6.0,514,29,,[],[],[],1
1672,116199,7.0,576,39,,[],[],[],1
1672,125749,8.0,2744,41,,"[917, 282, 801, 200]","['T', 'O', '\x08', '\x08']","[84, 79, 8, 8]",1
1673,11149,1.0,540,6,,[],[],[],1
1673,118825,2.0,1468,37,,[],[],[],1
1674,21044,1.0,3323,11,,"[2701, 275]","['A', '\x08']","[65, 8]",1
1674,49813,2.0,2201,24,,[],[],[],1
1674,57537,3.0,2609,28,,[],[],[],1
1674,71386,4.0,881,32,,[],[],[],1
1674,83751,5.0,1144,37,,[],[],[],1
1674,117761,6.0,2810,57,,[],[],[],1
1677,68500,1.0,2027,45,,[],[],[],1
1677,96165,2.0,4523,56,,[],[],[],1
1677,102892,3.0,3408,57,,[],[],[],1
1677,118756,4.0,560,63,soil,"[122, 78, 115, 169]","['S', 'O', 'I', 'L']","[83, 79, 73, 76]",1
1678,6872,1.0,6871,0,wedoaloth. ,"[1434, 63, 1096, 102, 652, 138, 133, 80, 1649, 158, 156, 767, 101]","['W', 'E', 'D', 'O', 'A', 'L', 'O', 'T', 'H', 'U', 'B', '\x08', '\x08']","[87, 69, 68, 79, 65, 76, 79, 84, 72, 85, 66, 8, 8]",1
1678,9138,2.0,9137,0,wedoaloth.  ,"[1434, 63, 1096, 102, 652, 138, 133, 80, 1649, 158, 156, 767, 101, 1602, 7, 572, 91]","['W', 'E', 'D', 'O', 'A', 'L', 'O', 'T', 'H', 'U', 'B', '\x08', '\x08', 'F', 'J', '\x08', '\x08']","[87, 69, 68, 79, 65, 76, 79, 84, 72, 85, 66, 8, 8, 70, 74, 8, 8]",2
1678,9514,3.0,9513,0,wedoaloth.   ,"[1434, 63, 1096, 102, 652, 138, 133, 80, 1649, 158, 156, 767, 101, 1602, 7, 572, 91]","['W', 'E', 'D', 'O', 'A', 'L', 'O', 'T', 'H', 'U', 'B', '\x08', '\x08', 'F', 'J', '\x08', '\x08']","[87, 69, 68, 79, 65, 76, 79, 84, 72, 85, 66, 8, 8, 70, 74, 8, 8]",3
1678,10016,4.0,10015,0,wedoaloth.    ,"[1434, 63, 1096, 102, 652, 138, 133, 80, 1649, 158, 156, 767, 101, 1602, 7, 572, 91]","['W', 'E', 'D', 'O', 'A', 'L', 'O', 'T', 'H', 'U', 'B', '\x08', '\x08', 'F', 'J', '\x08', '\x08']","[87, 69, 68, 79, 65, 76, 79, 84, 72, 85, 66, 8, 8, 70, 74, 8, 8]",4
1678,10323,5.0,10322,0,wedoaloth.     ,"[1434, 63, 1096, 102, 652, 138, 133, 80, 1649, 158, 156, 767, 101, 1602, 7, 572, 91]","['W', 'E', 'D', 'O', 'A', 'L', 'O', 'T', 'H', 'U', 'B', '\x08', '\x08', 'F', 'J', '\x08', '\x08']","[87, 69, 68, 79, 65, 76, 79, 84, 72, 85, 66, 8, 8, 70, 74, 8, 8]",5
1678,10612,6.0,10610,0,wedoaloth.      ,"[1434, 63, 1096, 102, 652, 138, 133, 80, 1649, 158, 156, 767, 101, 1602, 7, 572, 91]","['W', 'E', 'D', 'O', 'A', 'L', 'O', 'T', 'H', 'U', 'B', '\x08', '\x08', 'F', 'J', '\x08', '\x08']","[87, 69, 68, 79, 65, 76, 79, 84, 72, 85, 66, 8, 8, 70, 74, 8, 8]",6
1678,10909,7.0,10908,0,wedoaloth.       ,"[1434, 63, 1096, 102, 652, 138, 133, 80, 1649, 158, 156, 767, 101, 1602, 7, 572, 91]","['W', 'E', 'D', 'O', 'A', 'L', 'O', 'T', 'H', 'U', 'B', '\x08', '\x08', 'F', 'J', '\x08', '\x08']","[87, 69, 68, 79, 65, 76, 79, 84, 72, 85, 66, 8, 8, 70, 74, 8, 8]",7
1678,13405,8.0,13404,0,wedoaloth.        ,"[1434, 63, 1096, 102, 652, 138, 133, 80, 1649, 158, 156, 767, 101, 1602, 7, 572, 91, 3206, 60, 340, 121]","['W', 'E', 'D', 'O', 'A', 'L', 'O', 'T', 'H', 'U', 'B', '\x08', '\x08', 'F', 'J', '\x08', '\x08', 'J', 'D', '\x08', '\x08']","[87, 69, 68, 79, 65, 76, 79, 84, 72, 85, 66, 8, 8, 70, 74, 8, 8, 74, 68, 8, 8]",8
1678,23136,9.0,23135,0,wedoalothfanhamburgerlostagain.         ,"[1434, 63, 1096, 102, 652, 138, 133, 80, 1649, 158, 156, 767, 101, 1602, 7, 572, 91, 3206, 60, 340, 121, 2622, 90, 104, 963, 165, 286, 172, 76, 287, 137, 268, 199, 174, 45, 1263, 328, 173, 169, 79, 65, 773, 285, 123, 74, 110, 58, 48]","['W', 'E', 'D', 'O', 'A', 'L', 'O', 'T', 'H', 'U', 'B', '\x08', '\x08', 'F', 'J', '\x08', '\x08', 'J', 'D', '\x08', '\x08', 'F', 'A', 'N', 'H', 'U', '\x08', 'A', 'M', 'B', 'U', 'R', 'G', 'E', 'R', 'A', '\x08', 'L', 'O', 'S', 'T', 'C', '\x08', 'A', 'G', 'A', 'I', 'N']","[87, 69, 68, 79, 65, 76, 79, 84, 72, 85, 66, 8, 8, 70, 74, 8, 8, 74, 68, 8, 8, 70, 65, 78, 72, 85, 8, 65, 77, 66, 85, 82, 71, 69, 82, 65, 8, 76, 79, 83, 84, 67, 8, 65, 71, 65, 73, 78]",9
1679,11152,1.0,1364,2,,[],[],[],1
1679,47598,2.0,1679,11,,[],[],[],1
1679,64488,3.0,1073,16,,[],[],[],1
1679,177177,4.0,816,47,,[],[],[],1
1680,42779,1.0,2059,15,,[],[],[],1
1680,45008,2.0,4289,15,,[],[],[],2
1680,77905,3.0,5211,26,,[],[],[],1
1680,124953,4.0,1050,40,,[],[],[],1
1680,177170,5.0,3540,59,,[],[],[],1
1680,178567,6.0,4937,59,,[],[],[],2
1681,1182,1.0,1181,0,,[],[],[],1
1681,10080,2.0,1472,1,,[],[],[],1
1681,34001,3.0,2317,7,,[],[],[],1
1681,65187,4.0,592,14,,[],[],[],1
1681,110292,5.0,831,27,,[],[],[],1
1681,137589,6.0,2160,32,,[],[],[],1
1681,143493,7.0,2223,33,,"[849, 798]","['C', '\x08']","[67, 8]",1
1681,157637,8.0,3535,35,,[],[],[],1
1683,1263,1.0,1262,0,,[],[],[],1
1683,33215,2.0,775,15,,[],[],[],1
1683,44762,3.0,1934,18,,[],[],[],1
1683,49545,4.0,6717,18,,[],[],[],2
1683,65371,5.0,1616,23,,[],[],[],1
1683,130475,6.0,1838,55,,[],[],[],1
1683,164899,7.0,1077,68,,[],[],[],1
1684,15431,1.0,2145,5,,"[1296, 507]","['G', '\x08']","[71, 8]",1
1684,60703,2.0,1474,25,,[],[],[],1
1684,97039,3.0,1588,37,,[],[],[],1
1684,138370,4.0,1065,49,,[],[],[],1
1685,1617,1.0,1616,0,,[],[],[],1
1685,3317,2.0,3316,0,,[],[],[],2
1685,56722,3.0,2936,21,,[],[],[],1
1685,77498,4.0,2804,26,,[],[],[],1
1685,86014,5.0,1065,29,,[],[],[],1
1689,4158,1.0,4156,0,,"[1951, 1765]","['B', '\x08']","[66, 8]",1
1689,16190,2.0,960,3,,[],[],[],1
1689,29654,3.0,1828,6,,[],[],[],1
1689,66317,4.0,3881,18,,[],[],[],1
1689,84410,5.0,1604,24,,[],[],[],1
1689,99259,6.0,1015,29,,[],[],[],1
1689,113270,7.0,2098,34,,[],[],[],1
1689,139282,8.0,764,43,,[],[],[],1
1689,150078,9.0,1274,46,,[],[],[],1
1689,155261,10.0,609,47,,[],[],[],1
1689,159623,11.0,4971,47,,[],[],[],2
1689,182474,12.0,3201,53,,"[1008, 1605]","['P', '\x08']","[80, 8]",1
1690,98146,1.0,4196,12,,[],[],[],1
1690,108980,2.0,3769,13,,[],[],[],1
1690,119646,3.0,2444,14,,[],[],[],1
1691,15797,1.0,793,5,,[],[],[],1
1694,29685,1.0,2312,16,hadto,"[1015, 160, 81, 592, 135]","['H', 'A', 'D', 'T', 'O']","[72, 65, 68, 84, 79]",1
1695,68455,1.0,1792,17,,[],[],[],1
1695,80152,2.0,1320,19,,[],[],[],1
1696,5695,1.0,2278,1,,[],[],[],1
1696,28900,2.0,910,9,,[],[],[],1
1696,43075,3.0,4378,13,,[],[],[],1
1696,145911,4.0,864,47,,[],[],[],1
1698,23576,1.0,426,15,,[],[],[],1
1698,26311,2.0,3161,15,,[762],['\x10'],[16],2
1698,50546,3.0,741,25,,[],[],[],1
1698,144146,4.0,1175,75,,[],[],[],1
1699,39752,1.0,2879,6,,[],[],[],1
1700,22904,1.0,583,9,,[],[],[],1
1700,54524,2.0,2274,22,,[],[],[],1
1700,98092,3.0,476,41,,[],[],[],1
1700,140960,4.0,386,55,,[],[],[],1
1701,11630,1.0,1294,5,,[],[],[],1
1701,15031,2.0,446,6,,[],[],[],1
1701,20335,3.0,454,8,,[],[],[],1
1701,38467,4.0,4504,14,,"[1704, 360, 304, 89, 94, 281, 632, 500, 30, 31, 30, 28, 31, 29, 30]","['R', 'A', 'D', 'I', 'S', 'H', '\x08', '\x08', '\x08', '\x08', '\x08', '\x08', '\x08', '\x08', '\x08']","[82, 65, 68, 73, 83, 72, 8, 8, 8, 8, 8, 8, 8, 8, 8]",1
1701,46581,5.0,551,17,,[],[],[],1
1701,52246,6.0,879,19,,[],[],[],1
1701,67738,7.0,991,25,,[],[],[],1
1701,107291,8.0,2368,38,,"[1295, 696]","['S', '\x08']","[83, 8]",1
1701,121342,9.0,287,43,,[],[],[],1
1701,125214,10.0,318,44,,[],[],[],1
1701,143475,11.0,349,51,,[],[],[],1
1702,114108,1.0,928,43,,[],[],[],1
1703,14960,1.0,977,4,.,"[961, 12]","['\x08', 'n']","[8, 110]",1
1703,31037,2.0,4900,6,.,"[1095, 10, 3, 125, 244, 1580, 142, 152, 1540, 5]","['\x08', '\x10', 'O', 'A', 'T', '\x08', '\x08', '\x08', '\x08', 'n']","[8, 16, 79, 65, 84, 8, 8, 8, 8, 110]",1
1703,74614,3.0,8676,21,.,"[3815, 10, 3, 227, 229, 2718, 223, 1439, 7]","['\x08', '\x10', 'L', 'I', 'M', '\x08', '\x08', '\x08', 'n']","[8, 16, 76, 73, 77, 8, 8, 8, 110]",1
1703,145125,4.0,658,50,.,"[648, 6]","['\x08', 'n']","[8, 110]",1
1706,17153,1.0,893,7,,[],[],[],1
1706,17521,2.0,1262,7,,[],[],[],2
1706,17885,3.0,1626,7,,[],[],[],3
1706,18258,4.0,1999,7,,[],[],[],4
1706,18623,5.0,2364,7,,[],[],[],5
1706,18987,6.0,2728,7,,[],[],[],6
1706,45167,7.0,1407,16,,[],[],[],1
1706,45497,8.0,1737,16,,[],[],[],2
1706,45842,9.0,2082,16,,[],[],[],3
1706,46171,10.0,2411,16,,[],[],[],4
1706,46510,11.0,2750,16,,[],[],[],5
1706,46853,12.0,3093,16,,[],[],[],6
1706,47170,13.0,3409,16,,[],[],[],7
1706,64643,14.0,1441,22,,[],[],[],1
1706,64987,15.0,1784,22,,[],[],[],2
1706,65321,16.0,2119,22,,[],[],[],3
1706,65662,17.0,2460,22,,[],[],[],4
1706,65996,18.0,2794,22,,[],[],[],5
1706,66335,19.0,3133,22,,[],[],[],6
1706,85890,20.0,1292,29,,[],[],[],1
1706,86231,21.0,1633,29,,[],[],[],2
1706,86590,22.0,1992,29,,[],[],[],3
1706,86952,23.0,2354,29,,[],[],[],4
1706,87303,24.0,2705,29,,[],[],[],5
1706,87674,25.0,3076,29,,[],[],[],6
1706,88040,26.0,3442,29,,[],[],[],7
1706,88412,27.0,3814,29,,[],[],[],8
1706,118929,28.0,1443,39,,[],[],[],1
1706,119277,29.0,1791,39,,[],[],[],2
1706,119633,30.0,2147,39,,[],[],[],3
1706,119995,31.0,2509,39,,[],[],[],4
1706,120349,32.0,2863,39,,[],[],[],5
1706,120711,33.0,3225,39,,[],[],[],6
1706,140299,34.0,1383,45,,[],[],[],1
1706,140660,35.0,1744,45,,[],[],[],2
1706,141027,36.0,2111,45,,[],[],[],3
1706,141383,37.0,2467,45,,[],[],[],4
1706,141732,38.0,2816,45,,[],[],[],5
1706,178674,39.0,623,57,,[],[],[],1
1706,179019,40.0,967,57,,[],[],[],2
1706,179352,41.0,1301,57,,[],[],[],3
1706,179696,42.0,1645,57,,[],[],[],4
1706,180044,43.0,1993,57,,[],[],[],5
1707,16691,1.0,2224,6,,[],[],[],1
1707,56475,2.0,1680,13,,[],[],[],1
1707,115394,3.0,2799,31,,[],[],[],1
1707,162097,4.0,3535,42,,[],[],[],1
1708,7662,1.0,447,4,,[],[],[],1
1708,19688,2.0,1031,8,,[],[],[],1
1708,33646,3.0,488,12,,[],[],[],1
1708,46003,4.0,526,15,,[],[],[],1
1708,65639,5.0,1470,20,,[],[],[],1
1708,95302,6.0,542,28,,[],[],[],1
1708,108406,7.0,1006,32,,[],[],[],1
1708,130739,8.0,1183,38,,[],[],[],1
1709,8401,1.0,1566,1,,[],[],[],1
1709,14156,2.0,2519,2,,[],[],[],1
1709,26753,3.0,2502,8,,[],[],[],1
1709,38022,4.0,2485,12,,[],[],[],1
1709,45053,5.0,4202,13,,[],[],[],1
1709,56984,6.0,4900,17,,[],[],[],1
1709,66959,7.0,5424,19,,[],[],[],1
1709,72529,8.0,1110,21,,[],[],[],1
1709,81284,9.0,2210,22,,[],[],[],1
1709,89684,10.0,608,26,,[],[],[],1
1709,106639,11.0,719,31,,[],[],[],1
1709,122251,12.0,2906,35,,[],[],[],1
1709,133097,13.0,3276,37,,[],[],[],1
1709,142283,14.0,1228,40,,[],[],[],1
1709,171097,15.0,1726,52,,[],[],[],1
1709,176741,16.0,765,54,,[],[],[],1
