participantID,spr/char,demographics_age,demographics_gender,demographics_hand,demographics_nativelang,demographics_nativelang_text,demographics_fluency,demographics_fluency_text,demographics_race,demographics_hispanic,demographics_education,demographics_reading,read_story,wcg_strategy,wcg1_sound_meaning,wcg2_sound_meaning,guess_experiment,wcg_diff_general,linger_rating,open_box,content_attention,content_attention_text,tran_Q1,tran_Q2,tran_Q3,tran_Q4,tran_Q5,tran_Q6,tran_Q7,tran_Q8,tran_Q9,tran_Q10,tran_Q11,tran_Q12,tran_Q13,tran_raw,tran_raw_all,tran_raw_10,tran_prop,tran_prop_all,tran_prop_10,free_association_post_stage_end,free_association_post_stage_start,free_association_pre_stage_end,free_association_pre_stage_start,keywords_stage_end,keywords_stage_start,math_stage_end,math_stage_start,postquestionnaire_1_stage_end,postquestionnaire_1_stage_start,postquestionnaire_2_stage_end,postquestionnaire_2_stage_start,questionnaire_comprehension_stage_end,questionnaire_comprehension_stage_start,questionnaire_transportation_stage_end,questionnaire_transportation_stage_start,reading_stage_end,reading_stage_start,spr_time,spr-wcg-break,rt_max,rt_mean,time away (m),focusevents,spr time away (m),wcg time away (m),4C_Q1,4C_Q2,4C_Q8,4C_Q9,4C_Q11,4C_Q13,4C_Q16,4C_Q17,4C_Q18,4C_Q19,4C_Q23,4C_Q25,4C_Q3,4C_Q4,4C_Q5,4C_Q6,4C_Q10,4C_Q12,4C_Q14,4C_Q15,4C_Q20,4C_Q22,4C_Q24,4C_Q26,comp_raw,comp_prop,specific_prop,general_prop,catch_prop,mean_sr_pre,mean_rt_pre,mean_sr_pre_30s,mean_rt_pre_30s,mean_sr_post,mean_rt_post,mean_sr_post_30s,mean_rt_post_30s
3004,0.41123201055406305,35-39,F,Right,Y,,Y,,White,N,4,9,N,I just wrote the words that came to my mind which relates to the word before.,meaning,meaning,Our ability in different fields of game.,I felt excited to play the word chain game both equally,6,Its an interesting experiment.,N,,3,1,5,6,4,6,4,6,1,6,4,3,6,51,55,42,0.6071428571428571,0.6043956043956044,0.6,1584364133192,1584363838345,1584362908020,1584362612613,1584364311924,1584364157319,1584362569422,1584362540645,1584364596370,1584364478043,1584364651738,1584364596375,1584364478036,1584364360805,1584364360797,1584364311927,1584363815768,1584362954066,861702,22577,22833.0,5882.490196078431,0.0,0.0,0.0,0.0,True,False,False,False,False,True,False,False,True,False,False,True,False,True,False,False,True,False,False,False,True,False,True,False,8,0.3333333333333333,0.3333333333333333,0.3333333333333333,1.0,2.535307889389522,6000.14,3.918253968253968,4988.0,2.28563039524578,5769.365384615385,2.556776556776557,4050.5
3006,0.6350813000405906,35-39,F,Left,Y,,Y,,White,N,6,10,N,I tried to read the sentences carefully and look for an unusual words that might be asked about. ,meaning,meaning,Studying how much people can understand a text when the words are scrambled and also how good they are at math,I didn't feel much difference. Maybe I was a bit more tired because I had used a lot of effort on the reading the text task.,1,The questions were interesting and engaging.,N,,2,2,1,3,7,2,1,1,5,1,1,1,1,21,28,19,0.25,0.3076923076923077,0.2714285714285714,1584030025226,1584029728268,1584028903489,1584028606534,1584030168011,1584030043846,1584028585251,1584028504335,1584030473335,1584030349253,1584030534031,1584030473349,1584030349233,1584030205918,1584030205898,1584030168019,1584029707557,1584028943886,763671,20711,8902.0,3260.9945652173915,0.0,0.0,0.0,0.0,False,False,False,True,False,True,True,True,True,False,True,False,True,False,False,True,False,False,False,True,True,False,False,False,10,0.4166666666666667,0.5,0.3333333333333333,1.0,2.9186473361007526,3296.835164835165,2.84375,3077.125,2.766725339877514,3225.9247311827958,4.032619047619048,2780.0
3007,0.6067475359032595,40-44,M,Right,Y,,Y,,White,N,4,5,N,i wrote what came to my mind,meaning,meaning,I don't know.,i was less eager the 2nd time,1,,N,,1,1,1,7,7,1,1,1,1,1,1,1,1,18,25,16,0.21428571428571427,0.27472527472527475,0.22857142857142856,1584107616462,1584107320401,1584106367094,1584106070667,1584107684487,1584107639130,1584106039330,1584106008242,1584107937357,1584107857834,1584107968006,1584107937361,1584107857828,1584107722582,1584107722575,1584107684489,1584107299186,1584106398128,901058,21215,7149.0,2985.1144278606967,0.37071666666666664,3.0,0.1072,0.0,False,True,False,False,True,True,True,True,True,True,False,False,True,False,False,False,False,True,False,False,False,False,False,False,9,0.375,0.5833333333333334,0.16666666666666666,1.0,2.33460182167331,2871.5673076923076,2.835,2945.6,2.3436737648316597,3148.9684210526316,2.396969696969697,3320.3333333333335
3009,0.6150772665084,25-29,F,Right,Y,,Y,,White,N,2,7,N,"I tried to focus on each word individually, but sometimes I did have a chain when thinking of a topic. ",meaning,meaning,"I am honestly not sure, possibly evaluating how word associations affect passage reading. ","I thought more about the words in terms of a story chain, maybe not in isolation so much in the second round.",1,,N,,1,2,1,3,7,2,1,1,2,1,1,1,1,17,24,15,0.20238095238095238,0.26373626373626374,0.21428571428571427,1583952329117,1583952031894,1583950871139,1583950572839,1583952456016,1583952349644,1583950552213,1583950514397,1583952891278,1583952691506,1583952935412,1583952891284,1583952691498,1583952511701,1583952511692,1583952456020,1583952015164,1583950895098,1120066,16730,10489.0,3243.372972972973,0.26946666666666663,1.0,0.0,0.0,False,False,False,False,True,True,False,True,True,False,False,False,True,False,False,False,False,True,False,False,True,False,True,False,8,0.3333333333333333,0.3333333333333333,0.3333333333333333,1.0,2.6373610319335,3061.3469387755104,2.9895118770118767,2295.1666666666665,2.821566423128607,3458.4767441860463,2.299431818181818,3654.375
3016,0.6270781443487851,30-34,F,Right,Y,,Y,,MORE,N,4,10,N,"No strategy, just used the word that first came to my mind",meaning,meaning,How much you remember from random sentences?,none,1,,N,,1,1,1,1,7,1,1,1,3,1,1,1,1,14,21,12,0.16666666666666666,0.23076923076923078,0.17142857142857143,1584049417949,1584049128560,1584048027403,1584047733862,1584049796217,1584049442204,1584047701090,1584047665944,1584050099913,1584050000707,1584050115592,1584050099925,1584050000696,1584049837067,1584049837054,1584049679299,1584049101616,1584048065265,1036351,26944,19477.0,4583.694656488549,0.07996666666666667,4.0,0.03871666666666666,0.0,False,False,False,True,True,True,True,True,True,True,True,False,True,False,False,True,False,False,False,False,True,False,False,False,11,0.4583333333333333,0.6666666666666666,0.25,1.0,2.9184082584082587,4615.476923076923,2.9477272727272728,3540.0,2.1349191388321827,4622.3538461538465,2.7405138339920945,4119.428571428572
3017,0.4832537551341318,30-34,F,Right,Y,,Y,,White,N,2,4,N,i just let my thoughts flow and didnt think about it too much,meaning,meaning,i have no idea what this experiment is trying to figure out,i didnt feel anything different between the two word games,1,,N,,1,1,1,3,7,2,1,1,4,1,1,1,1,18,25,16,0.21428571428571427,0.27472527472527475,0.22857142857142856,1584108075251,1584107778310,1584106438999,1584106141081,1584108213279,1584108098629,1584106099039,1584105969191,1584108514624,1584108401213,1584108549221,1584108514633,1584108401202,1584108252837,1584108252826,1584108213284,1584107757485,1584106636731,1120754,20825,16549.0,3141.387434554974,3.0048000000000004,4.0,2.9827999999999997,0.0,False,True,False,True,False,False,False,True,True,False,True,False,False,False,False,False,False,False,False,False,True,False,False,True,7,0.2916666666666667,0.4166666666666667,0.16666666666666666,1.0,2.673745716097939,3293.5393258426966,2.2050505050505054,3129.6666666666665,2.7890963048077673,2862.64,3.286747401149575,1848.125
3024,0.573019476392313,30-34,F,Right,Y,,Y,,White,N,4,6,N,Idb say the word out lout and then type the first word that came toi my ming,meaning,meaning,"I am not sure, some of the experiments didnt seem connected",It seemed harder after the text,5,,N,,2,1,5,6,5,6,3,5,2,1,1,3,5,40,45,32,0.47619047619047616,0.4945054945054945,0.45714285714285713,1583945648087,1583945353932,1583943993012,1583943697136,1583945810237,1583945680809,1583943668392,1583943636092,1583946247214,1583946090882,1583946405918,1583946247218,1583946090876,1583945886379,1583945886372,1583945810241,1583945271562,1583944350558,921004,82370,54843.0,5504.6697247706425,7.064283333333334,8.0,0.5601333333333333,0.0,True,True,False,True,False,True,False,True,True,True,True,False,True,True,False,False,False,True,False,False,True,False,False,False,12,0.5,0.6666666666666666,0.3333333333333333,1.0,2.2388528138528137,6066.428571428572,2.1484848484848484,3825.6666666666665,2.4246268910999045,5084.813559322034,2.085714285714286,4192.857142857143
3026,0.13811789014533757,25-29,F,Right,Y,,Y,,Black,Y,1,9,N,i tried to keep all the words similar to the start words,none,none,"how well people can remember the story, solve the problems and organize a string",i felt like i forgot some of the story because of making the string,3,,N,,7,1,7,7,3,7,1,1,1,3,1,3,3,42,45,36,0.5,0.4945054945054945,0.5142857142857142,1583878771502,1583878475750,1583877706518,1583877410973,1583879071924,1583878861884,1583877385668,1583877336860,1583879435462,1583879291157,1583879548063,1583879435466,1583879291152,1583879113854,1583879113846,1583879071927,1583878426437,1583877753397,673040,49313,97400.0,7229.120481927711,3.5913666666666666,15.0,0.18655,0.18016666666666667,True,False,False,False,False,True,False,True,False,True,True,False,False,False,False,True,False,False,True,False,False,False,True,False,8,0.3333333333333333,0.4166666666666667,0.25,1.0,2.691299669807575,6009.340425531915,3.0420454545454545,3101.625,2.3880221866794757,8819.323529411764,2.7738095238095237,3501.25
3028,0.47386977440459654,20-24,M,Right,Y,,Y,,White,N,2,4,N,speaking the last word out loud,meaning,meaning,Associations before and after additional influences,I felt like my vocabulary changed after reading the story,3,,N,,2,2,1,4,7,3,1,1,5,1,1,2,2,25,32,21,0.2976190476190476,0.3516483516483517,0.3,1584022380237,1584022083612,1584021110941,1584020813015,1584022484593,1584022401167,1584020790383,1584020715783,1584022807386,1584022701614,1584022835288,1584022807389,1584022701611,1584022529549,1584022529545,1584022484594,1584022062885,1584021169882,893003,20727,11767.0,4054.1283783783783,0.3290166666666667,2.0,0.10078333333333332,0.0,True,True,False,False,False,False,False,True,True,True,True,False,True,False,False,False,False,False,False,True,True,True,False,True,11,0.4583333333333333,0.5,0.4166666666666667,1.0,2.654674373245802,4183.169014084507,3.5467565767565765,2689.8,2.637375435022494,3991.4666666666667,2.1,4497.166666666667
3029,0.7109428882944631,45-49,M,Right,Y,,Y,,White,N,2,4,N,next work that came to mind after previous word,none,meaning,ability to make sense of mixed up stories,first word chain was random words and second was word association for me.,1,,N,,1,1,1,7,6,1,2,1,1,1,1,1,1,19,25,17,0.2261904761904762,0.27472527472527475,0.24285714285714285,1584022998329,1584022705658,1584021371182,1584021079429,1584023265489,1584023031820,1584021003243,1584020856688,1584023762255,1584023585635,1584023839896,1584023762259,1584023585629,1584023347091,1584023347083,1584023265492,1584022666544,1584021444371,1222173,39114,12217.0,4651.224806201551,0.501,4.0,0.0,0.0,False,True,False,True,True,False,True,True,True,False,False,False,True,False,False,False,False,False,False,True,False,False,False,False,8,0.3333333333333333,0.5,0.16666666666666666,1.0,2.8893008725229223,5185.0,2.225,4776.5,2.7996959055437314,4269.571428571428,3.6015527950310555,3920.4285714285716
3031,0.1199940861590241,30-34,M,Right,Y,,Y,,White,N,4,4,N,just used my mind,sound,equal,Memory and imagination,,5,,N,,5,6,6,6,5,6,7,5,7,6,4,3,5,66,71,58,0.7857142857142857,0.7802197802197802,0.8285714285714286,1584116813465,1584116534500,1584115911276,1584115651330,1584117022190,1584116887251,1584115515673,1584115468319,1584117258408,1584117160115,1584117277202,1584117258414,1584117160105,1584117059119,1584117059111,1584117022193,1584116491155,1584116013281,477874,43345,40064.0,11112.75925925926,0.41881666666666667,2.0,0.0,0.0,False,False,False,True,False,False,False,True,False,False,False,False,False,False,False,False,False,False,False,False,True,False,False,False,3,0.125,0.16666666666666666,0.08333333333333333,1.0,2.2319654882154882,12067.5,,,2.5414441665994465,10455.785714285714,5.2,21114.0
3033,0.41122604498477516,25-29,F,Right,Y,,Y,,White,N,4,5,N,I just tried to let my mind wander and didn't overthink it (which I personally found harder the second time).,meaning,meaning,I'm really not sure!,I felt it was much harder. I found it really easy the first time and I felt like the words kept flowing. The second time...my mind felt kind of empty? I felt like my thoughts were lingering on the story a little and it was hard for me to connect words freely.,5,,N,,6,2,7,6,2,5,6,2,2,4,3,6,3,52,54,43,0.6190476190476191,0.5934065934065934,0.6142857142857143,1583945278301,1583944980646,1583944308214,1583944009729,1583945363821,1583945290967,1583943993480,1583943956079,1583945719972,1583945587233,1583945782516,1583945719987,1583945587212,1583945445686,1583945445645,1583945363832,1583944965544,1583944381273,584271,15102,36840.0,3921.8169934640523,1.5933,8.0,0.0,0.10778333333333333,False,True,False,True,True,True,False,True,True,False,False,False,True,False,False,True,False,False,True,False,False,False,False,False,9,0.375,0.5,0.25,1.0,2.5450033837130612,3210.6881720430106,2.3944055944055944,2228.769230769231,2.816385172163204,5156.224137931034,3.31140640760206,2306.25
3035,0.5709181739918195,35-39,M,Right,N,Croatian,Y,,White,N,1,2,N,I just let my mind wander,meaning,meaning,I think the word association was a personality assessment. The reading task was probably trying to measure attention and memory.,some words from the random sentences came to mind and seemed to interfere with my association process.,4,,N,,1,3,1,1,7,1,1,1,7,3,1,1,1,22,29,20,0.2619047619047619,0.31868131868131866,0.2857142857142857,1583945702009,1583945405017,1583944472556,1583944179371,1583945872973,1583945730049,1583944118754,1583944080522,1583946744830,1583946170318,1583946837029,1583946744835,1583946170314,1583945934159,1583945934152,1583945872975,1583945371521,1583944518737,852784,33496,23081.0,6000.1,0.0,0.0,0.0,0.0,False,True,True,True,True,True,True,True,True,True,True,True,True,True,False,False,False,True,False,True,True,False,True,False,17,0.7083333333333334,0.9166666666666666,0.5,1.0,3.174054279054279,5738.4807692307695,3.4034013605442177,3884.8571428571427,3.0525743759786312,6383.106382978724,2.8782312925170066,3434.0
3036,0.3595011629405378,35-39,M,Right,Y,,Y,,White,N,3,8,N,tried to chain words together and then when i couldn't think of a chain i typed the first word that came to mind,meaning,meaning,how your brains processes word patterns after different tasks.,I felt like I had more ideas quickly during the second round,3,The word memory portion of the experiment was extremely difficult.  I'm not sure how anyone could summarize a story with all the worlds jumbled like that.  fun experiment. thanks. ,N,,1,2,1,7,6,3,1,1,5,1,1,1,1,25,31,23,0.2976190476190476,0.34065934065934067,0.32857142857142857,1584118112958,1584117818346,1584116728630,1584116431573,1584118471466,1584118153450,1584116383530,1584116323938,1584119088564,1584118848516,1584119201024,1584119088567,1584118848510,1584118562364,1584118562359,1584118471468,1584117770075,1584116791762,978313,48271,21176.0,4167.083333333333,1.21485,6.0,0.0,0.0,False,True,True,True,False,False,False,True,True,True,True,True,True,False,False,True,False,False,False,False,True,False,False,False,11,0.4583333333333333,0.6666666666666666,0.25,1.0,2.8416948072935466,5263.315789473684,3.0125,4230.25,2.649154862981038,3448.862068965517,2.9548722519310755,3228.1111111111113
3040,0.5119077985604987,50-54,F,Right,Y,,Y,,White,N,4,9,N,I tried not to be too simple but how i really felt,meaning,meaning,Maybe how that story changed what we associated with what???,"no real difference. To be honest, the only way I could do the red word/story part was to completely block out the 2nd to last line and only remember the very last one. I had a sense of the sentence itself, but definitely could not hold more than one sentence in my head and get the red word right.",1,This was interesting.,N,,4,1,3,7,7,3,3,3,2,3,1,1,1,32,39,30,0.38095238095238093,0.42857142857142855,0.42857142857142855,1584028788177,1584028490644,1584027812082,1584027516767,1584028924141,1584028821785,1584027476660,1584027441844,1584029340284,1584029174747,1584029455739,1584029340290,1584029174740,1584028981745,1584028981738,1584028924145,1584028461864,1584027870273,591591,28780,12085.0,4109.63698630137,0.14018333333333333,1.0,0.0,0.0,False,False,False,False,False,False,True,True,False,False,True,False,True,False,False,False,False,True,False,True,True,False,False,False,7,0.2916666666666667,0.25,0.3333333333333333,1.0,2.610000980852175,4225.394366197183,2.4905242905242906,3177.6666666666665,2.8898471876732748,4033.6216216216217,2.5116666666666667,2878.0
3041,0.4845488810467904,25-29,M,Right,Y,,Y,,Black,N,4,4,N,No particular strategies ,sound,sound,I honestly can't  say. Maybe how we make meaning of words?,No differences,1,Great hit. The pay is very fair and well above average,N,,1,1,1,3,7,1,1,1,4,3,1,1,1,19,26,17,0.2261904761904762,0.2857142857142857,0.24285714285714285,1584060569216,1584060274724,1584059121371,1584058825421,1584060761199,1584060597527,1584058790794,1584058689196,1584061251175,1584061067737,1584061293839,1584061251219,1584061067702,1584060815005,1584060814974,1584060761211,1584060243667,1584059193707,1049960,31057,15659.0,3390.084745762712,2.7508333333333335,15.0,1.5232833333333333,0.12978333333333333,False,False,True,False,False,False,True,True,True,True,False,False,False,False,False,False,False,False,True,True,True,False,False,False,8,0.3333333333333333,0.4166666666666667,0.25,1.0,2.8147970387100822,3445.2183908045977,2.721439864483343,2776.8,2.355279353330328,3371.0337078651687,2.5125,3659.375
3043,0.3494351114045708,30-34,M,Right,Y,,Y,,White,N,4,9,N,tried to make it a stream of consciousness and not overthink.,meaning,meaning,how well you remember things with intervening tasks,I was able to play the word game faster afterwards.,2,,N,,3,1,5,7,4,4,4,4,4,1,1,2,2,38,42,34,0.4523809523809524,0.46153846153846156,0.4857142857142857,1584366537591,1584366240186,1584365501573,1584365204093,1584366616163,1584366569931,1584365177522,1584365130498,1584366861110,1584366784084,1584366884928,1584366861130,1584366784057,1584366652300,1584366652290,1584366616167,1584366225520,1584365533563,691957,14666,8079.0,2542.423728813559,3.3507000000000002,9.0,1.3795833333333334,0.02105,True,True,False,True,False,False,False,True,False,False,True,True,True,False,False,False,False,True,False,False,True,False,False,False,9,0.375,0.5,0.25,1.0,2.4409318948333953,2647.3185840707965,3.622727272727273,2686.909090909091,2.7031119096498184,2475.8347107438017,2.729975630776546,1576.421052631579
3046,0.5402527990600273,30-34,M,Right,Y,,Y,,White,N,4,6,N,Just writing what came to mind. Honestly the entire survey made absolutely no sense and just gave me a massive headache.,none,none,I really have no idea and the instructions at the end weren't clear. I wasn't shown any story other than the headache inducing word salad I was supposed to apparently make sense of. ,I literally had a headache by the second one.,1,By the middle of the word salad task I was having trouble following it and it was literally giving me a headache.,N,,1,2,1,4,4,1,1,1,2,1,1,1,1,17,21,15,0.20238095238095238,0.23076923076923078,0.21428571428571427,1583946126721,1583945833397,1583944926689,1583944629550,1583946200082,1583946148731,1583944602654,1583944555816,1583946495792,1583946378570,1583946551477,1583946495795,1583946378564,1583946243895,1583946243892,1583946200083,1583945799836,1583944969751,830085,33561,13447.0,3529.541176470588,0.9584166666666667,9.0,0.3624833333333333,0.021666666666666667,False,False,False,False,False,False,False,False,True,False,False,False,False,False,False,False,False,False,False,False,False,False,False,False,1,0.041666666666666664,0.08333333333333333,0.0,1.0,3.5804438656581516,4253.9,5.314,4815.8,2.844815303743875,3030.4141414141413,2.911570247933884,2461.181818181818
3049,0.5868478222561544,40-44,F,Right,Y,,Y,,White,N,4,9,N,I simply used the first word that popped into my head even if it wasn't obvious,meaning,meaning,"word association, reading and memory.",I felt that some of my words in the second game where related to words in the text.,4,,N,,3,1,4,6,5,4,1,4,1,1,1,3,5,34,39,26,0.40476190476190477,0.42857142857142855,0.37142857142857144,1584023178929,1584022881632,1584021732076,1584021435123,1584023387276,1584023198581,1584021408838,1584021366740,1584023753199,1584023615597,1584023801726,1584023753212,1584023615566,1584023448651,1584023448632,1584023387284,1584022864855,1584021759029,1105826,16777,21739.0,3773.7672955974845,0.0,0.0,0.0,0.0,False,False,False,True,False,False,False,True,False,True,True,True,True,True,False,False,True,False,False,False,True,False,False,False,9,0.375,0.4166666666666667,0.3333333333333333,1.0,2.483607681524618,4411.89705882353,3.2107142857142854,4822.166666666667,2.5262053099879185,3332.411111111111,3.138044077134986,2522.6363636363635
3050,0.37780398004516913,45-49,M,Right,Y,,Y,,White,N,1,1,N,first word that came to mind from previous,meaning,meaning,Not sure,,1,,N,,5,1,3,7,7,1,1,1,1,1,1,1,1,24,31,22,0.2857142857142857,0.34065934065934067,0.3142857142857143,1584364602483,1584364306262,1584363219586,1584362923394,1584364730360,1584364639726,1584362883673,1584362818185,1584365164956,1584365045343,1584365188169,1584365164960,1584365045339,1584364786258,1584364786253,1584364730362,1584364239102,1584363281297,957805,67160,12696.0,4109.63698630137,0.0,0.0,0.0,0.0,False,True,False,True,False,True,True,True,True,False,True,False,True,False,False,False,False,False,False,True,True,False,False,False,10,0.4166666666666667,0.5833333333333334,0.25,1.0,2.386147364646471,4108.958904109589,1.9215584415584417,2941.8,2.992093536184167,4198.408450704225,2.9903559403559403,3023.8888888888887
3052,0.38763121273855944,30-34,F,Right,Y,,Y,,White,N,3,6,N,Tried to type what first came to mind,meaning,meaning,I am not sure,I felt more dull,2,Enjoyed this task,N,,3,1,3,5,7,1,1,1,1,1,1,1,1,20,27,18,0.23809523809523808,0.2967032967032967,0.2571428571428571,1584106567479,1584106271151,1584105456711,1584105159119,1584106652629,1584106578705,1584105099283,1584105059479,1584106925994,1584106853169,1584106946015,1584106925999,1584106853163,1584106694624,1584106694617,1584106652633,1584106251526,1584105517173,734353,19625,18935.0,3871.0193548387097,0.0,0.0,0.0,0.0,False,False,False,False,True,False,False,True,False,True,True,False,True,False,False,False,False,False,False,True,True,True,False,False,8,0.3333333333333333,0.3333333333333333,0.3333333333333333,1.0,3.061283345498616,3597.2804878048782,3.586802810715854,3085.8888888888887,2.7686452045606975,4190.6760563380285,2.4632515632515632,2810.777777777778
3053,0.4705292588863202,35-39,F,Right,Y,,Y,,White,N,4,10,N,I didn't have any,meaning,meaning,No idea!,I was annoyed the second time around because I didn't want to do the task again.,1,,N,,1,1,1,7,7,1,1,1,1,1,1,1,1,18,25,16,0.21428571428571427,0.27472527472527475,0.22857142857142856,1584112384523,1584112089527,1584108747653,1584108451475,1584112498498,1584112439951,1584108423713,1584108384678,1584112754004,1584112699819,1584112781974,1584112754008,1584112699814,1584112554512,1584112554506,1584112498500,1584112069197,1584110926604,1142593,20330,27603.0,4761.984126984127,0.061033333333333335,2.0,0.05608333333333334,0.0,True,True,True,False,True,False,True,True,True,True,False,False,True,True,True,False,False,False,False,True,True,True,False,True,15,0.625,0.6666666666666666,0.5833333333333334,1.0,2.7625917909251245,5540.7037037037035,3.417142857142857,3507.5714285714284,2.3694703391846246,4152.928571428572,3.442613636363636,3618.875
3060,0.586335505287626,25-29,M,Right,Y,,Y,,White,N,2,5,N,just did the associations that came to mind,meaning,meaning,one's cognitive ability in different circumstances,none,3,,N,,2,1,1,7,3,3,1,1,1,1,1,3,3,25,28,19,0.2976190476190476,0.3076923076923077,0.2714285714285714,1583949722823,1583949435703,1583946244708,1583945951963,1583949918117,1583949764394,1583945822358,1583945783025,1583950399419,1583950271089,1583950424652,1583950399441,1583950271072,1583950013269,1583950013242,1583949918126,1583949395566,1583946542088,2853478,40137,124654.0,11320.811320754718,0.0,0.0,0.0,0.0,True,False,False,True,True,False,True,True,True,False,True,False,True,False,False,True,False,True,False,False,True,False,False,False,11,0.4583333333333333,0.5833333333333334,0.3333333333333333,1.0,2.9447413352692857,10344.931034482759,5.449206349206349,7095.0,1.9735537190082646,13024.652173913044,1.6181818181818182,5958.5
3061,0.4167117033550635,40-44,M,Right,Y,,Y,,White,N,2,8,N,I was just typing the first word that came to mind.,meaning,meaning,My abilities to think fast and under pressure and to remember what bits and pieces of info was.,It kind of seemed like I would end back up to the same words as I did in the word task before. ,5,,N,,5,1,5,7,1,5,5,6,1,3,4,5,5,52,53,42,0.6190476190476191,0.5824175824175825,0.6,1584110197667,1584109902071,1584108798830,1584108505270,1584110583835,1584110253714,1584108456727,1584108391830,1584111339533,1584111134465,1584111400733,1584111339535,1584111134461,1584110674971,1584110674967,1584110583836,1584109859967,1584108902575,957392,42104,11759.0,4651.201550387597,0.33713333333333334,3.0,0.0,0.0,True,True,False,True,True,True,True,False,True,False,True,False,False,True,False,False,True,True,False,False,False,True,False,False,12,0.5,0.6666666666666666,0.3333333333333333,1.0,2.8748710317460318,5000.05,4.1,4770.4,3.158261510596104,4347.855072463768,3.078977272727273,3166.75
3063,0.6053719581882063,30-34,M,Left,Y,,Y,,White,N,4,4,N,I just put in whatever came to mind.,meaning,meaning,Whether people develop patterns in abstract thinking.,More words popped into my head.,3,,N,,1,2,1,5,7,3,1,2,4,3,1,2,4,29,36,23,0.34523809523809523,0.3956043956043956,0.32857142857142857,1583947480862,1583947185370,1583946198213,1583945901889,1583947653379,1583947519603,1583945878609,1583945826688,1583948036723,1583947927703,1583948067795,1583948036726,1583947927699,1583947706895,1583947706892,1583947653381,1583947163642,1583946229081,934561,21728,34040.0,5405.477477477478,0.19731666666666667,5.0,0.06981666666666667,0.0,False,False,False,True,True,False,True,True,True,True,False,True,True,False,False,False,True,True,False,False,True,False,False,False,11,0.4583333333333333,0.5833333333333334,0.3333333333333333,1.0,3.1442251542783457,6355.744680851064,3.9345,2816.8,2.6581924558679777,4823.612903225807,2.8357954545454547,3559.875
3066,0.48489073461687926,30-34,F,Right,Y,,Y,,Black,N,4,6,N,Using the first word that came to mind.,none,none,How people think and form connections.,I did not experience any differences.,1,The reading tasks was challenging. I found it easier when I read the sentences aloud.,N,,2,1,2,6,7,1,1,1,3,1,1,1,3,23,30,19,0.27380952380952384,0.32967032967032966,0.2714285714285714,1584027495286,1584027198759,1584025390826,1584025097784,1584027711927,1584027620765,1584025060346,1584024972048,1584028068414,1584027969887,1584028132253,1584028068431,1584027969863,1584027772176,1584027772152,1584027711936,1584027175105,1584025678558,1496547,23654,16770.0,5607.757009345794,0.42365,1.0,0.0,0.0,False,False,False,True,True,False,True,True,True,False,True,False,True,False,False,False,True,False,False,False,True,False,False,False,9,0.375,0.5,0.25,1.0,2.9890829346092502,7692.846153846154,3.264242424242424,8889.0,3.116832719519287,4454.940298507463,3.758843537414966,3712.4285714285716
3067,0.050111999866318147,30-34,F,Right,Y,,Y,,White,N,5,6,Y,VERY NICE,equal,meaning,NICE,NICE,7,GOOD,Y,,6,7,4,6,5,5,5,6,7,5,6,7,5,69,74,57,0.8214285714285714,0.8131868131868132,0.8142857142857143,1583947538030,1583947249093,1583946624571,1583946335419,1583947766011,1583947574204,1583946279778,1583946243569,1583948240280,1583948074810,1583948308970,1583948240291,1583948074757,1583947854149,1583947854049,1583947766033,1583947216544,1583946673961,542583,32549,20742.0,7143.083333333333,0.35248333333333337,3.0,0.0,0.0,False,True,False,False,False,False,False,True,True,False,False,False,False,False,False,False,False,True,True,False,False,False,False,False,5,0.20833333333333334,0.25,0.16666666666666666,1.0,2.6744041922989292,7317.341463414634,3.2399999999999998,6863.0,2.269721617237145,6976.930232558139,5.006521739130434,11804.5
3068,0.42738227090294373,30-34,M,Right,Y,,Y,,White,N,1,4,N,I was just trying to use the first word that came to mind.,meaning,meaning,How well people can comprehend writing that's written with words out of order and how different tasks have an impact on other tasks.,Not much mainly because I didn't really get a great feeling for what the story was saying because my brain seemed to struggle more with the words being strangely put together.,2,,N,,1,1,1,7,7,1,1,1,3,1,1,2,1,21,28,18,0.25,0.3076923076923077,0.2571428571428571,1584030318506,1584030023147,1584028745212,1584028452818,1584030446341,1584030354849,1584028406666,1584028343298,1584031114001,1584030922175,1584031187722,1584031114004,1584030922170,1584030509658,1584030509654,1584030446343,1584029994555,1584028835674,1158881,28592,55903.0,9091.015151515152,0.6538666666666667,4.0,0.0,0.1121,True,True,False,True,True,False,True,True,True,False,False,False,True,True,False,True,True,True,False,False,True,False,False,True,14,0.5833333333333334,0.5833333333333334,0.5833333333333334,1.0,3.2191558441558445,11091.153846153846,2.715151515151515,9142.0,3.4287878787878783,6423.684210526316,3.418027210884354,3989.1428571428573
3071,0.4910875796260902,50-54,F,Right,Y,,Y,,White,N,2,6,N,I put the first word that came into my head,meaning,meaning,I honestly don't know,"I thought the reading of the text was hard, my word chain choices after reading it were much more comforting words",3,,N,,2,1,3,6,4,3,2,2,4,3,1,4,3,34,38,27,0.40476190476190477,0.4175824175824176,0.38571428571428573,1584369289347,1584368992170,1584368088913,1584367792232,1584369406886,1584369308800,1584367767874,1584367727137,1584369651696,1584369580008,1584369706822,1584369651706,1584369579985,1584369463371,1584369463352,1584369406891,1584368972146,1584368118214,853932,20024,14005.0,3208.6844919786095,0.17535,1.0,0.0,0.0,True,False,False,True,True,True,False,True,True,True,True,False,True,True,False,False,False,False,False,False,True,False,False,False,11,0.4583333333333333,0.6666666666666666,0.25,1.0,3.013011951568723,3454.906976744186,2.022222222222222,2929.1111111111113,2.6848345312278115,2996.5555555555557,2.230769230769231,2301.5384615384614
3075,-0.0013998762607967377,25-29,M,Left,Y,,Y,,Asian,N,5,6,N,I thought of the first word that came to mind,sound,sound,What types of meaning from sentences we can remember based on the strategies we used.,"I didn't notice any differences. It might have been more carefree, and easy to associate different words after reading the text.",2,,N,,3,1,4,6,6,2,1,2,2,1,1,2,2,27,33,23,0.32142857142857145,0.3626373626373626,0.32857142857142857,1584384813864,1584384516069,1584383470481,1584383172717,1584385100661,1584384843114,1584383139187,1584383089951,1584385409817,1584385322667,1584385454096,1584385409822,1584385322657,1584385144233,1584385144226,1584385100666,1584384494107,1584383513063,981044,21962,9748.0,3061.285714285714,0.16086666666666666,2.0,0.0,0.0,True,True,False,True,True,False,True,True,False,True,True,False,True,False,False,True,False,False,False,False,True,False,True,True,13,0.5416666666666666,0.6666666666666666,0.4166666666666667,1.0,2.4278760455231043,3504.894117647059,2.9045214045214047,3294.8888888888887,2.3644149581305545,2727.318181818182,2.6179220779220778,2073.3571428571427
3076,0.6830566362644845,25-29,F,Right,Y,,Y,,White,N,4,8,N,"No strategy, just filled in whatever came to mind.",meaning,meaning,how people process information.,Maybe just tired and harder to think.,1,,N,,1,1,1,6,7,1,1,1,3,1,1,1,1,19,26,17,0.2261904761904762,0.2857142857142857,0.24285714285714285,1584030542952,1584030245642,1584029021237,1584028724579,1584030650063,1584030574304,1584028684173,1584028638653,1584031014393,1584030902656,1584031047939,1584031014396,1584030902652,1584030695957,1584030695953,1584030650065,1584030212373,1584029063982,1148391,33269,11923.0,3260.9021739130435,0.0,0.0,0.0,0.0,False,True,True,True,False,False,True,True,True,True,True,True,True,False,False,True,True,True,False,False,True,True,False,False,15,0.625,0.75,0.5,1.0,2.8953445829532787,3150.808510638298,2.1818181818181817,2379.181818181818,2.901919576635486,3390.943181818182,3.228282828282828,2976.777777777778
3077,0.34202350871287035,35-39,M,Right,Y,,Y,,White,N,5,9,N,related words,equal,sound,Thought pattern ,Got used to the idea,5,,Y,Listening to a audio file,4,1,5,3,4,6,6,3,6,2,1,7,7,51,55,37,0.6071428571428571,0.6043956043956044,0.5285714285714286,1584106852202,1584106556161,1584105712841,1584105415985,1584107179118,1584106897568,1584105385432,1584105311908,1584107470849,1584107343704,1584107544858,1584107470858,1584107343696,1584107237298,1584107237289,1584107179122,1584106522801,1584105744225,778576,33360,11289.0,2985.2039800995026,8.040566666666667,13.0,0.44705,0.0,True,False,True,True,False,False,False,True,False,False,False,False,True,False,False,True,False,False,False,False,True,False,False,True,8,0.3333333333333333,0.3333333333333333,0.3333333333333333,1.0,2.3079764092240462,3225.94623655914,3.706772905033775,2752.1111111111113,3.1025419839540116,2777.8981481481483,4.575715562905004,2072.214285714286
3078,0.6031112130334609,30-34,F,Right,Y,,Y,,White,N,2,4,N,I just tried my best to think of words relating to the suggested one.,meaning,meaning,Something to do with cognitive abilities.,I don't think I noticed any differences.,2,"I'm not sure this HIT went as intended. After reading the short story and answering the question about the key words (the majority of which I couldn't recall), I think I was supposed to be directed to a page to read the story again, but instead got a popup claiming I had finished that part and then it went to questions about the story. It seems I was supposed to read the story twice? But I only got to see it once. ",N,,3,1,5,7,7,5,2,1,3,4,1,1,5,38,45,32,0.4523809523809524,0.4945054945054945,0.45714285714285713,1584106918683,1584106620924,1584105790926,1584105492745,1584107251350,1584106953946,1584105468349,1584105389350,1584107784874,1584107552791,1584107980875,1584107784885,1584107552780,1584107329032,1584107329016,1584107251357,1584106600281,1584105826869,773412,20643,48934.0,7595.215189873417,1.6666666666666667e-05,2.0,0.0,0.0,True,False,True,False,False,False,True,False,True,False,True,False,True,False,False,False,False,True,False,False,False,False,False,False,7,0.2916666666666667,0.4166666666666667,0.16666666666666666,1.0,2.7232461087299797,9042.741935483871,3.0691919191919195,2748.1111111111113,3.3976582596147815,6452.021739130435,3.7736363636363635,2933.7
3082,0.07464421552133521,25-29,M,Right,Y,,Y,,Black,N,4,4,N,no strategy.,none,none,It's about memory retention,I felt nothing,1,,N,,2,5,2,4,2,5,1,4,5,1,1,1,1,32,34,30,0.38095238095238093,0.37362637362637363,0.42857142857142855,1584364061809,1584363768174,1584362852194,1584362561262,1584364303805,1584364160519,1584362515632,1584362390144,1584364781039,1584364646040,1584364838092,1584364781046,1584364646031,1584364366017,1584364366007,1584364303809,1584363737856,1584362902798,835058,30318,24310.0,6818.454545454545,1.72685,7.0,1.6697166666666667,0.0,False,False,False,True,True,False,False,False,False,True,False,False,False,False,False,False,True,False,False,False,False,True,True,False,6,0.25,0.25,0.25,1.0,2.4455084672475977,8108.4324324324325,3.5386904761904763,6278.5,2.467318181818182,5990.1,2.932575757575757,4462.5
3084,0.35056529317898905,55-59,M,Right,Y,english,Y,no,White,N,4,3,N,"yes,really good",sound,meaning,good,no,6,no,Y,listening music,5,6,7,4,4,7,3,4,6,3,6,5,4,60,64,51,0.7142857142857143,0.7032967032967034,0.7285714285714285,1584107221440,1584106925672,1584105857513,1584105564618,1584107453667,1584107242087,1584105537506,1584105473497,1584107934229,1584107629666,1584108002770,1584107934242,1584107629646,1584107502880,1584107502862,1584107453675,1584106907784,1584105879826,1027958,17888,42151.0,9375.390625,2.01165,2.0,0.0,0.0,False,True,True,False,False,True,False,False,True,False,False,False,False,False,False,False,True,True,False,False,True,False,False,False,7,0.2916666666666667,0.3333333333333333,0.25,0.5,2.606858439467135,10714.75,3.325,7389.0,2.6907353123067406,8501.8,1.8375000000000001,4680.833333333333
3086,0.26228278316795867,25-29,M,Right,Y,,Y,,Black,N,1,5,N,I thought of the similar words.,meaning,meaning,I am not sure,There were no differences,1,,N,,4,1,4,7,4,4,1,4,1,1,1,7,7,42,46,28,0.5,0.5054945054945055,0.4,1584111996503,1584111699193,1584110922175,1584110625643,1584112288377,1584112026656,1584110601624,1584110551320,1584112733991,1584112654863,1584112757220,1584112733999,1584112654853,1584112338655,1584112338647,1584112288383,1584111680867,1584110960661,720206,18326,17690.0,3704.0,0.035699999999999996,2.0,0.0,0.0,False,False,False,False,False,False,False,True,False,True,False,False,False,True,False,False,False,False,False,True,True,False,False,False,5,0.20833333333333334,0.16666666666666666,0.25,1.0,2.4448252945837488,3658.731707317073,3.2282608695652173,3234.75,2.4813160173160176,3750.4,1.7932703659976388,2667.3636363636365
3088,0.46720069502948214,25-29,M,Right,Y,,Y,,White,N,2,8,N,,meaning,meaning,Cognitive abilities,"I didn't notice a difference, honestly.",2,,N,,1,1,1,6,5,1,1,1,4,1,1,1,2,21,26,18,0.25,0.2857142857142857,0.2571428571428571,1584385237327,1584384942339,1584384060189,1584383762697,1584385343833,1584385270932,1584383729145,1584383711010,1584385624773,1584385547613,1584385653553,1584385624787,1584385547593,1584385390107,1584385390093,1584385343838,1584384912177,1584384106737,805440,30162,9935.0,3158.0421052631577,0.0,0.0,0.0,0.0,True,False,False,True,True,True,True,False,False,True,True,True,True,False,False,False,False,False,False,True,False,False,False,False,10,0.4166666666666667,0.6666666666666666,0.16666666666666666,1.0,2.1619379940711463,3110.1770833333335,1.9749999999999999,2401.75,2.355436900056465,3228.5652173913045,1.9356060606060606,2446.3333333333335
3090,0.0838513495283866,50-54,M,Right,Y,,Y,,White,N,4,10,N,free association,meaning,meaning,assessing cognitive performance under differing scenarios,"None really, other than being more familiar with what to do.",5,Most interesting study I've done so far.,N,,3,1,4,4,6,5,5,4,6,6,3,1,1,43,49,41,0.5119047619047619,0.5384615384615384,0.5857142857142857,1584369416991,1584369125524,1584368197415,1584367902323,1584369524566,1584369442043,1584367853808,1584367792878,1584369926208,1584369771319,1584370001520,1584369926212,1584369771314,1584369596397,1584369596391,1584369524569,1584369094175,1584368250842,843333,31349,16503.0,4918.38524590164,0.0,0.0,0.0,0.0,True,False,False,True,False,True,True,True,True,True,False,False,False,True,False,False,False,True,False,False,False,False,False,False,9,0.375,0.5833333333333334,0.16666666666666666,1.0,2.042889417957766,5119.551724137931,2.21,5454.0,1.9488968021226087,4822.9838709677415,2.8519841269841266,4022.5
3091,0.36836957303947016,20-24,M,Right,Y,,Y,,White,N,3,5,N,I typed whatever came to my mind. Sometimes I would follow a chain of things like car-tire-wheel but sometimes something else would pop in.,meaning,meaning,The way reading the scrambled words changed how you did the word chain would be my best guess after reading the previous questions.,I felt like the words came more fluently into my head.,2,,N,,3,1,3,5,6,2,1,1,2,3,1,1,2,25,31,22,0.2976190476190476,0.34065934065934067,0.3142857142857143,1584032604492,1584032306724,1584031788300,1584031490409,1584032654765,1584032631779,1584031472557,1584031437083,1584032917695,1584032819075,1584032939552,1584032917710,1584032819060,1584032693114,1584032693099,1584032654771,1584032290371,1584031811338,479033,16353,11205.0,2230.542750929368,0.18048333333333336,1.0,0.0,0.0,True,True,False,True,True,False,True,True,False,False,False,False,True,False,False,False,False,True,False,False,True,False,False,True,10,0.4166666666666667,0.5,0.3333333333333333,1.0,2.421025133650992,2631.6403508771928,2.633766233766234,2062.3571428571427,2.5926247120092407,1943.4805194805194,3.0751963901849484,1547.842105263158
3092,-0.06082654778941897,35-39,F,Right,Y,ENGLISH,Y,ENGLISH,White,N,4,6,Y,NETWORK,sound,meaning,NICE,YES,3,NICE,Y,YES,5,5,5,6,6,5,5,5,7,5,5,6,4,63,69,53,0.75,0.7582417582417582,0.7571428571428571,1584034208925,1584033915082,1584031978093,1584031713769,1584034446386,1584034252482,1584031628133,1584031542601,1584034693289,1584034584546,1584034742104,1584034693295,1584034584531,1584034489203,1584034489175,1584034446396,1584033893635,1584032005577,1888058,21447,81047.0,10714.69642857143,0.17095,3.0,0.0,0.0,True,False,False,False,False,True,True,True,True,False,False,False,True,True,False,True,False,False,False,False,False,False,False,False,8,0.3333333333333333,0.4166666666666667,0.25,1.0,2.468779345122056,12500.5,,,3.3007823577388797,9078.838709677419,1.5484848484848486,7813.0
3093,0.5831991110938887,25-29,M,Right,Y,,Y,,White,N,2,1,N,"Again, just let it flow from my head like any word association game.",meaning,meaning,Whether you can understand a passage that is jumbled based on recently thinking about words.,I feel like the second one my connections between the words was a bit further out or tenuous,4,,N,,3,1,5,7,3,6,2,1,1,1,1,1,5,34,37,28,0.40476190476190477,0.4065934065934066,0.4,1584107313091,1584107015855,1584106108011,1584105811080,1584107410566,1584107339648,1584105785219,1584105739999,1584107796066,1584107673293,1584107830578,1584107796071,1584107673286,1584107468216,1584107468209,1584107410569,1584106996208,1584106144311,851897,19647,13629.0,4138.0,0.0,0.0,0.0,0.0,False,True,False,True,False,False,False,True,True,True,False,False,False,False,False,False,False,True,False,True,True,False,False,False,8,0.3333333333333333,0.4166666666666667,0.25,1.0,2.12644472897994,4195.4647887323945,1.3888888888888888,3039.222222222222,2.5435467772967773,4155.611111111111,2.659090909090909,3421.5
3094,0.4818406337750702,45-49,F,Right,Y,,Y,,Black,N,4,7,N,looked around the room when i got stuck,meaning,meaning,i have no idea. that jumbled story is still wrecking my brain.,it still didn't make any sense.,2,none,N,,1,2,4,7,7,3,1,3,5,2,1,1,3,33,40,29,0.39285714285714285,0.43956043956043955,0.4142857142857143,1584112665536,1584112368767,1584111155068,1584110858360,1584112817049,1584112706162,1584110801754,1584110703392,1584113291235,1584113102487,1584113349002,1584113291240,1584113102479,1584112893397,1584112893391,1584112817052,1584112318399,1584111233404,1084995,50368,10713.0,3141.560209424084,0.0,0.0,0.0,0.0,False,True,False,True,False,True,True,True,False,True,False,False,False,False,False,True,True,True,False,False,True,False,False,True,11,0.4583333333333333,0.5,0.4166666666666667,1.0,2.605351791066077,3283.4285714285716,2.8035353535353535,3207.5555555555557,2.5091782367292574,3039.918367346939,2.4830578512396695,2673.2727272727275
3095,0.2530417134401688,30-34,M,Right,Y,,Y,,White,N,4,0,N,related words to the original,meaning,meaning,honestly no idea,word was related to the text read,1,,N,,4,3,4,5,7,1,1,1,6,1,1,2,2,31,38,27,0.36904761904761907,0.4175824175824176,0.38571428571428573,1584034045754,1584033748319,1584032765833,1584032469161,1584034276451,1584034127495,1584032429830,1584032393726,1584034648474,1584034574495,1584034682715,1584034648481,1584034574486,1584034352014,1584034352004,1584034276455,1584033719330,1584033061759,657571,28989,75462.0,6666.822222222222,1.5628333333333333,4.0,0.0,1.1595333333333333,True,True,False,True,True,False,True,False,False,True,False,True,True,False,False,True,False,False,False,False,True,False,False,False,10,0.4166666666666667,0.5833333333333334,0.25,1.0,3.4314070975138167,10314.833333333334,3.7117319439453826,2696.181818181818,2.3485558712121213,4427.15625,2.4504828504828504,2116.6923076923076
3098,0.4800829976549181,40-44,M,Right,Y,,Y,,White,N,1,6,N,I kept trying to come up with words that were connected and try to get as many of them as I could.,meaning,meaning,How people remember words and how they connect to each other.,"I didn't really have any difference. I was trying not to come up with the same words that I used in the first chain as much, but I noticed I ended up using some of them.",2,"I wish I could have remembered more of the text, or had it in a more orderly format, it sounds like it was an interesting story.",N,,2,2,1,2,7,1,1,1,3,1,1,1,1,17,24,15,0.20238095238095238,0.26373626373626374,0.21428571428571427,1584363791110,1584363496165,1584362518020,1584362221323,1584364101505,1584363820061,1584362188634,1584362136219,1584364542617,1584364416224,1584364655664,1584364542621,1584364416219,1584364227274,1584364227269,1584364101507,1584363452772,1584362556634,896138,43393,30160.0,4316.510791366906,0.0,0.0,0.0,0.0,False,False,False,True,False,False,False,True,True,False,True,False,True,False,False,False,False,True,False,False,True,True,False,False,8,0.3333333333333333,0.3333333333333333,0.3333333333333333,1.0,2.2597300360458252,5059.80701754386,2.2695616883116885,3725.25,2.538165854978355,3733.9,2.3670454545454542,2854.9
3101,0.2093850987356479,30-34,F,Right,Y,,Y,,White,N,5,5,N,Just kept thinking of whatever came to mind upon reading the last word,meaning,meaning,"Cognitive ability, what causes us to connect words to other thoughts, if we could make sense of the story all jumbled (I could not!!)","I did not notice or feel any difference, except that it was more tedious",2,"I looked up the story and was pleasantly surprised that I was able to make SOME sense of it, after all, even though after reading the jumbled texts I felt like I answered all the questions wrong! Maybe not! Interesting how the brain works...",N,,1,2,1,4,5,3,1,2,4,1,1,1,1,22,27,20,0.2619047619047619,0.2967032967032967,0.2857142857142857,1584035790691,1584035492725,1584034737264,1584034439423,1584035870829,1584035825908,1584034417656,1584034374049,1584036367955,1584036023073,1584036595046,1584036367958,1584036023069,1584035905176,1584035905172,1584035870831,1584035445497,1584034774587,670910,47228,13767.0,2597.2987012987014,1.6034,3.0,0.0,0.0,True,True,True,True,True,True,True,True,True,True,True,True,True,False,False,True,False,True,False,True,True,False,False,False,17,0.7083333333333334,1.0,0.4166666666666667,1.0,2.3477867783342394,2458.9508196721313,2.7099173553719007,2686.3636363636365,2.7409631062710775,2763.3888888888887,2.289238886113886,1729.625
3103,0.5305549518632511,45-49,F,Right,Y,,Y,,Black,N,4,4,N,I just mentally pictured each word and what I thought would go with it by association,meaning,equal,Perception of memory and correlating words and events together as one,I became a little more confused and tried not to jumble the words together,5,The passage reading and word memorization was the hardest and I did my best. ,N,,6,1,6,7,3,7,4,7,2,6,3,7,4,60,63,49,0.7142857142857143,0.6923076923076923,0.7,1584113600864,1584113303333,1584112000128,1584111705439,1584113753856,1584113636279,1584111672148,1584111619981,1584114130227,1584113987091,1584114191711,1584114130232,1584113987085,1584113820800,1584113820793,1584113753859,1584113260345,1584112038565,1221780,42988,12254.0,4225.521126760564,1.6666666666666667e-05,1.0,0.0,0.0,True,False,False,False,False,True,True,True,True,False,False,False,True,False,True,False,False,True,False,False,True,False,True,False,10,0.4166666666666667,0.4166666666666667,0.4166666666666667,1.0,2.3073486191228123,4816.451612903225,1.9727272727272727,4932.5,2.2515469817286,3797.6835443037976,1.6714285714285713,3801.0
3104,0.5669676266032777,55-59,F,Right,Y,english,Y,english,White,N,1,10,N,remembering words,equal,sound,memory and comprehension,none,1,,N,,1,1,1,5,7,1,1,1,1,1,1,1,1,16,23,14,0.19047619047619047,0.25274725274725274,0.2,1584388020190,1584387723734,1584386568181,1584386270997,1584388468924,1584388043829,1584386245340,1584386208513,1584388760143,1584388633820,1584388776347,1584388760148,1584388633814,1584388514682,1584388514676,1584388468926,1584387701243,1584386605170,1096073,22491,11866.0,3550.396449704142,1.3062333333333334,2.0,0.0,0.0,True,False,False,True,True,True,False,False,True,True,False,False,False,False,False,False,False,True,False,True,True,False,False,False,9,0.375,0.5,0.25,1.0,3.0139402541192823,3823.1666666666665,2.5415343915343915,2939.8888888888887,3.124614576922833,3369.8426966292136,2.6695887445887445,3583.25
3105,0.32074686171465333,25-29,M,Right,Y,,Y,,White,N,2,0,N,"None, I just typed what came to mind.",meaning,meaning,I've no idea? Can we read stuff out of order and undertand it? If so the answer is no. No I can not.,I found none other than being annoyed to do the word task a second time.,1,,N,,1,3,1,6,7,1,1,1,6,1,1,1,1,24,31,22,0.2857142857142857,0.34065934065934067,0.3142857142857143,1584106912426,1584106617630,1584106159861,1584105862454,1584106974460,1584106931807,1584105841086,1584105813118,1584107210341,1584107137015,1584107231223,1584107210344,1584107137009,1584107002432,1584107002429,1584106974462,1584106556965,1584106182037,374928,60665,7552.0,3045.715736040609,0.10356666666666667,1.0,0.10356666666666667,0.0,False,False,True,True,True,False,True,False,True,False,True,True,False,False,True,False,False,True,False,False,True,True,False,False,11,0.4583333333333333,0.5833333333333334,0.3333333333333333,1.0,2.3642374935853194,3030.3333333333335,2.348701298701299,2043.7142857142858,2.826380867003906,3090.453608247423,2.4461760461760464,3294.8888888888887
3106,0.694097373615611,35-39,M,Right,Y,,Y,,White,N,2,8,N,tried to think of word associations and word opposites,meaning,meaning,i dont know,i was a little more fatigued,2,,N,,2,1,1,3,6,1,1,1,4,3,1,1,1,20,26,18,0.23809523809523808,0.2857142857142857,0.2571428571428571,1584108042486,1584107747827,1584106342793,1584106047011,1584108200120,1584108073110,1584106008143,1584105971153,1584108546263,1584108455783,1584108576473,1584108546267,1584108455778,1584108252353,1584108252345,1584108200122,1584107721066,1584106384408,1336658,26761,26229.0,3125.0520833333335,0.18906666666666666,2.0,0.0,0.0,False,True,False,True,True,True,False,True,True,True,False,False,True,False,False,False,False,False,False,False,True,False,False,False,9,0.375,0.5833333333333334,0.16666666666666666,1.0,2.760963498921032,3448.32183908046,4.4191003199698855,5419.4,2.4904936729936726,2873.971153846154,3.6906593406593404,2188.6153846153848
3107,0.34682451254726565,40-44,F,Right,Y,,Y,,White,N,2,4,N,"I used word association ex: white, black. color",none,none,memory and comprehension,None. I used the same strategy both times.,3,None.,N,,1,1,1,3,3,5,2,3,4,1,1,2,2,26,29,22,0.30952380952380953,0.31868131868131866,0.3142857142857143,1584108653029,1584108358448,1584107044167,1584106750727,1584109603497,1584108677018,1584106701222,1584106599263,1584109876907,1584109389063,1584109931294,1584109876912,1584109771606,1584108858263,1584109644522,1584108803171,1584108333392,1584107097896,1235496,25056,111241.0,12500.1875,0.5395333333333333,5.0,0.07456666666666667,0.0,False,False,False,True,True,True,True,True,True,True,True,False,True,False,True,True,True,False,True,False,True,True,False,False,15,0.625,0.6666666666666666,0.5833333333333334,1.0,2.426277056277056,14285.904761904761,5.463636363636364,8074.5,2.456080031080031,10672.038461538461,3.22,4515.4
3108,0.23335242601989703,30-34,M,Left,Y,,Y,,White,N,3,7,N,"Tried to remember the objects in the sentence, and the names/pronouns of who was in the sentence.",equal,meaning,How my mind relates words and how I use words to fill in the gap between missing words in sentences,I felt my words flowed much better during the second part.,4,,N,,3,1,4,7,4,4,2,3,1,3,1,2,5,36,40,29,0.42857142857142855,0.43956043956043955,0.4142857142857143,1584109074414,1584108784286,1584106838777,1584106550423,1584109270829,1584109115468,1584106459519,1584106379266,1584110051770,1584109760362,1584110115397,1584110051775,1584109760355,1584109371063,1584109371056,1584109270832,1584108745806,1584106947802,1798004,38480,22560.0,6451.698924731183,0.4517333333333333,2.0,0.0,0.0,True,True,False,True,True,False,True,True,True,True,True,False,True,True,False,True,False,True,False,True,True,False,False,False,15,0.625,0.75,0.5,1.0,2.747577922077922,7429.325,3.0645021645021644,7996.333333333333,2.773260655229965,5769.307692307692,2.7488311688311686,5455.8
3109,0.38310294602036465,35-39,F,Left,Y,,Y,,White,N,1,4,N,what word came to me first,equal,equal,how people remember context,confusion over what I read,1,"the context of the story was really hard to read. The story consisted of ""I I and and over..."" so I had no idea what I was reading.",N,,1,1,1,7,7,1,1,1,1,1,1,1,1,18,25,16,0.21428571428571427,0.27472527472527475,0.22857142857142856,1584367840018,1584367542154,1584366199659,1584365902789,1584368267388,1584367874306,1584365870764,1584365816460,1584368635839,1584368564004,1584368689212,1584368635843,1584368563999,1584368336798,1584368336793,1584368267391,1584367520883,1584366241148,1279735,21271,25023.0,4000.06,0.1483,2.0,0.14268333333333333,0.0,False,True,False,True,True,False,False,False,False,False,False,True,False,False,False,False,False,False,True,False,False,False,False,True,6,0.25,0.3333333333333333,0.16666666666666666,1.0,2.9614112358230007,4303.159420289855,3.161538461538462,3803.1428571428573,2.8318634746895617,3786.7974683544303,3.179751552795031,2767.7
3110,0.14698567720515474,40-44,M,Left,Y,,Y,,White,N,4,1,N,"no strategies, just what came to mind",meaning,meaning,no clue,nothing different,4,,N,,3,1,3,5,4,4,5,3,2,1,1,2,2,32,36,28,0.38095238095238093,0.3956043956043956,0.4,1584363894779,1584363597755,1584362850725,1584362554523,1584363971414,1584363928233,1584362497467,1584362468179,1584364293822,1584364223249,1584364311521,1584364293831,1584364223239,1584364032173,1584364032164,1584363971417,1584363563380,1584362901805,661575,34375,82368.0,6896.666666666667,0.06661666666666667,1.0,0.06661666666666667,0.0,False,True,False,True,False,False,False,False,False,False,False,True,False,False,False,False,True,False,False,False,False,False,False,True,5,0.20833333333333334,0.25,0.16666666666666666,1.0,2.7998126873126874,7279.5,2.841919191919192,2913.222222222222,3.181895141895142,6639.422222222222,3.454033844942936,2639.090909090909
3111,0.39178141949162704,45-49,M,Right,Y,,Y,,White,N,2,8,N,Tried to think of the first word that popped in my mind that was closest to the last word I typed.,none,none,Intelligence or creativity?,"I think I was free flowing at first, and very confused and cluttered thoughts after.",7,The passage I really struggled to understand what the hell was going on. I made out that something with camping was happening but as for the questions after I probably got all of them wrong because I was so confused and couldn't find a pattern or logical way to read the story. I would love to know if there was one.,N,,4,1,3,7,7,1,1,1,1,4,1,4,1,29,36,24,0.34523809523809523,0.3956043956043956,0.34285714285714286,1584364020043,1584363727394,1584362858966,1584362563764,1584364153966,1584364060719,1584362533387,1584362497367,1584364630319,1584364451557,1584364816939,1584364630339,1584364451523,1584364215878,1584364215849,1584364153986,1584363699558,1584362906491,793067,27836,38233.0,5607.953271028037,0.12155,1.0,0.0,0.0,False,False,True,False,False,False,False,True,False,False,False,True,True,False,False,False,False,False,False,True,False,False,False,False,5,0.20833333333333334,0.25,0.16666666666666666,1.0,2.45286236751754,5126.931034482759,2.9,4561.2,2.307723127935894,5570.063829787234,2.83,5420.6
3113,0.7458536107062904,40-44,F,Right,Y,,Y,,White,N,4,8,N,I just typed what popped into my head. Usually the words were associated with the previous word.,meaning,meaning,I think it may have been trying to measure how being forced to read in a different style affects our approach to words in general.,It felt like the second time was easier to think of the next word in the chain.,2,,N,,2,1,2,7,6,3,1,1,6,1,1,1,1,27,33,25,0.32142857142857145,0.3626373626373626,0.35714285714285715,1584388762403,1584388465412,1584386912563,1584386616394,1584388943063,1584388810186,1584386573781,1584386443507,1584389487344,1584389289357,1584389552967,1584389487349,1584389289352,1584389013504,1584389013499,1584388943064,1584388422881,1584386970176,1452705,42531,9216.0,3846.019230769231,0.0,0.0,0.0,0.0,True,True,True,True,True,True,True,True,True,False,True,True,True,False,False,True,False,True,True,True,True,False,False,False,17,0.7083333333333334,0.9166666666666666,0.5,1.0,2.3136336137041953,3881.974025974026,1.915340909090909,3433.125,2.2447379460366474,3886.1428571428573,2.1254467754467754,3092.222222222222
3114,0.23925364166149207,55-59,F,Right,Y,,Y,,White,N,2,10,N,none,meaning,meaning,how we process language,it was harder after the text,2,,N,,3,1,1,6,7,1,1,1,6,1,1,2,2,26,33,22,0.30952380952380953,0.3626373626373626,0.3142857142857143,1584108440751,1584108143952,1584107376140,1584107079493,1584108560891,1584108461187,1584107037187,1584106984595,1584108888964,1584108789523,1584108916722,1584108888970,1584108789518,1584108626177,1584108626169,1584108560893,1584108121657,1584107426873,694784,22295,14159.0,4195.9510489510485,0.0,0.0,0.0,0.0,True,True,False,True,True,True,False,True,True,True,False,False,True,True,False,True,False,True,True,False,True,False,False,False,14,0.5833333333333334,0.6666666666666666,0.5,1.0,2.665969874873985,4109.726027397261,2.285858585858586,3152.1111111111113,3.1235915051132443,4327.04347826087,2.935978835978836,3171.5555555555557
3116,0.22808397599718427,35-39,F,Right,Y,,Y,,White,N,2,8,N,,equal,equal,I'm not sure,There weren't any that I noticed,1,,N,,1,1,1,7,7,1,1,1,1,1,1,1,1,18,25,16,0.21428571428571427,0.27472527472527475,0.22857142857142856,1584365056605,1584364759596,1584363705770,1584363408355,1584365158979,1584365075605,1584363237876,1584363185005,1584365384964,1584365331711,1584365406938,1584365384969,1584365331705,1584365194700,1584365194694,1584365158981,1584364724508,1584363884726,839782,35088,11792.0,3468.265895953757,0.0,0.0,0.0,0.0,False,False,False,True,True,False,False,True,True,True,False,True,True,True,False,False,False,False,True,False,True,False,False,False,10,0.4166666666666667,0.5,0.3333333333333333,1.0,2.5488586413586414,3803.653846153846,2.2600000000000002,3808.0,2.7791408591408593,3225.559139784946,2.498647186147186,2335.5833333333335
3118,0.5227350483778996,40-44,F,Right,Y,,Y,,White,N,2,6,N,i just thought of the first word that came to mind,meaning,meaning,Rather people can read jumbled sentences?,none,2,,N,,2,1,2,6,6,2,1,1,3,2,1,1,1,23,29,21,0.27380952380952384,0.31868131868131866,0.3,1584114020395,1584113725424,1584111975200,1584111680100,1584114396729,1584114107562,1584111635643,1584111562451,1584114768770,1584114653452,1584114798528,1584114768777,1584114653442,1584114460236,1584114460227,1584114396735,1584113697198,1584112590058,1107140,28226,32289.0,6896.758620689655,1.05465,3.0,0.0,0.0,True,False,False,True,False,False,True,True,True,True,True,False,False,True,False,False,False,True,False,False,True,False,False,True,11,0.4583333333333333,0.5833333333333334,0.3333333333333333,1.0,2.9738341127471566,7143.071428571428,2.1666666666666665,7265.333333333333,2.178290648745194,6699.886363636364,1.9009090909090909,5156.0
3120,0.7182689769121012,20-24,F,Right,Y,,Y,,White,N,2,4,N,I just typed any words that came to mind relating to the previous word.,meaning,meaning,I'm not sure what this experiment is trying to measure. Maybe how well someone can discern a story when it's jumbled up?,I didn't feel any differences before and after.,2,"This was interesting, just a bit stressful to try and remember a bunch of jumbled up words in a sentence. I had a hard time remembering the details, but I enjoyed it!",N,,1,1,2,6,6,4,1,1,2,1,1,5,2,27,33,20,0.32142857142857145,0.3626373626373626,0.2857142857142857,1584398927213,1584398630995,1584397443361,1584397145064,1584399063440,1584398946271,1584397125261,1584397082150,1584399357808,1584399271928,1584399428610,1584399357811,1584399271924,1584399104754,1584399104750,1584399063442,1584398613667,1584397468518,1145149,17328,13043.0,3045.720812182741,0.0859,2.0,0.0,0.0,False,True,False,True,True,False,False,False,True,False,True,True,False,True,False,False,True,True,True,True,False,True,False,True,13,0.5416666666666666,0.5,0.5833333333333334,1.0,2.511038602596222,2857.1714285714284,2.217820512820513,2898.4,2.352783374033374,3277.4615384615386,1.6045454545454545,2597.909090909091
3121,0.6831619662050537,40-44,F,Right,Y,,Y,,White,N,2,1,N,used a lot of compound words and opposites,meaning,meaning,I have no idea,not much,1,,N,,1,4,1,6,7,1,1,1,4,2,1,1,1,24,31,22,0.2857142857142857,0.34065934065934067,0.3142857142857143,1584400525481,1584400228694,1584399206685,1584398910370,1584400692338,1584400555258,1584398863077,1584398825422,1584401029060,1584400928657,1584401055803,1584401029063,1584400928652,1584400752199,1584400752194,1584400692343,1584400153908,1584399243936,909972,74786,8475.0,3314.9558011049726,0.34740000000000004,3.0,0.024883333333333334,0.0,False,True,False,True,False,False,True,True,True,True,True,False,True,True,False,True,False,False,False,False,False,True,False,False,11,0.4583333333333333,0.5833333333333334,0.3333333333333333,1.0,2.2690106758761965,3472.1162790697676,2.1346938775510202,4023.5714285714284,2.798184214102868,3213.6881720430106,2.685,2704.8
3125,0.5218507063103529,60-64,F,Right,N,Spanish,Y,Spanish,White,Y,3,1,N,"Meanings, similarity",meaning,meaning,My intellect,It was easier to decide on next words,1,,N,,2,1,3,5,7,1,1,1,4,5,1,1,1,26,33,24,0.30952380952380953,0.3626373626373626,0.34285714285714286,1584375845029,1584375548956,1584374529888,1584374236260,1584376046722,1584375883411,1584374195885,1584374115781,1584376558643,1584376370833,1584376596315,1584376558649,1584376370828,1584376112962,1584376112955,1584376046724,1584375523445,1584374576100,947345,25511,18594.0,6185.628865979382,0.9037000000000001,6.0,0.4518333333333333,0.0,True,True,False,True,False,False,True,True,True,False,True,False,True,True,True,False,False,False,False,False,True,False,True,False,12,0.5,0.5833333333333334,0.4166666666666667,1.0,3.3418854386674455,5765.666666666667,4.4,4150.0,2.8950852178124906,6808.181818181818,2.3285714285714287,3730.4285714285716
3128,-0.06853238122884267,30-34,F,Right,Y,,Y,,White,N,5,5,Y,NO,meaning,meaning,good,yes,6,good,N,nothing,3,7,6,7,5,6,4,4,5,4,4,6,6,62,67,50,0.7380952380952381,0.7362637362637363,0.7142857142857143,1584376368276,1584376087953,1584373641330,1584373351784,1584376538586,1584376412298,1584373044166,1584372951293,1584377091494,1584376820443,1584377158136,1584377091511,1584376820336,1584376622416,1584376622361,1584376538598,1584376044433,1584373751849,2292584,43520,27355.0,6976.96511627907,8.536716666666667,7.0,3.96975,0.0,False,False,False,True,True,False,False,True,False,True,True,False,False,False,False,True,False,True,True,False,True,False,False,False,9,0.375,0.4166666666666667,0.3333333333333333,1.0,2.5451501623376624,9297.5625,5.65,10465.0,2.6379416008827774,5768.865384615385,3.85,12935.0
3133,0.22385369135311628,30-34,M,Right,Y,,Y,,White,N,1,8,N,Just jotted down the first word that came to mind.,none,none,Not entirely sure.,I was kind of wondering if the two were related.,1,"When asking me to list 10 keywords, the page would not continue unless I put ### into all the 10 empty spaces so I was unable to do that part at all essentially.",N,,1,3,2,2,7,1,1,1,4,3,1,1,1,21,28,19,0.25,0.3076923076923077,0.2714285714285714,1584364654693,1584364357825,1584363722052,1584363424184,1584364784408,1584364673479,1584363221655,1584363180904,1584365041522,1584364977098,1584365098924,1584365041529,1584364977088,1584364826207,1584364826197,1584364784411,1584364327289,1584363752096,575193,30536,22154.0,4000.16,9.378250000000001,12.0,2.7198333333333333,0.0,True,True,True,False,False,False,True,True,True,True,True,False,False,True,False,False,False,False,False,False,True,False,False,False,10,0.4166666666666667,0.6666666666666666,0.16666666666666666,1.0,3.0211944266913213,4169.271428571428,2.8952991452991452,2961.0,2.5063594525132986,3734.141025641026,2.2719047619047616,2691.0
3135,0.2783523992574966,40-44,F,Right,Y,,Y,,White,N,1,1,N,connected words off top of my head,meaning,meaning,I could not even guess. My head sure is spinning. Reading the story really threw me off so I know it had something to do with that.,I thought I may have come up with words faster than the first time around.,3,I'm sorry I could not recall much of the story. It was quite confusing to read that way which I'm sure is the point.,N,,2,1,2,4,7,2,1,1,1,2,1,1,1,19,26,17,0.2261904761904762,0.2857142857142857,0.24285714285714285,1584393876516,1584393582682,1584392687396,1584392393985,1584394046073,1584393943112,1584392331544,1584392212731,1584394609698,1584394392193,1584394726254,1584394609704,1584394392185,1584394115897,1584394115890,1584394046076,1584393557562,1584392751478,806084,25120,19440.0,6818.375,0.0,0.0,0.0,0.0,True,False,False,True,True,False,True,True,False,False,False,True,True,True,False,False,False,False,False,False,True,True,False,False,10,0.4166666666666667,0.5,0.3333333333333333,1.0,2.9599470638057594,7280.475,1.7399999999999998,4572.4,2.411243177112742,6431.847826086957,2.3000000000000003,4786.0
3139,0.5865704093105206,30-34,M,Right,Y,,Y,,Asian,N,4,1,N,I just listed the first word that came to mind,none,none,How individuals use limited information to reach conclusions.,I didn't notice any differences,1,"The only text I viewed were scrambled sentences, not an entire story. ",N,,1,2,1,3,7,2,1,1,2,1,1,1,1,17,24,15,0.20238095238095238,0.26373626373626374,0.21428571428571427,1584380927548,1584380630033,1584379426506,1584379130845,1584381081329,1584380963768,1584379086928,1584379035639,1584381440758,1584381337064,1584381502877,1584381440767,1584381337056,1584381140477,1584381140463,1584381081333,1584380600256,1584379465248,1135008,29777,18690.0,5555.675925925926,4.394566666666666,2.0,0.0,0.0,True,False,False,True,True,False,False,True,False,False,False,False,False,True,False,True,False,False,False,False,True,False,False,False,7,0.2916666666666667,0.3333333333333333,0.25,1.0,3.1534183673469385,5326.053571428572,3.300649350649351,3958.285714285714,2.6597099567099565,5923.46,3.224675324675325,5184.0
3142,0.5663050349123964,30-34,F,Right,Y,,Y,,White,N,4,10,N,I wrote the first word that felt connected the one before it,equal,equal,Cognitive ability,I can't think of any,1,,N,,3,3,2,6,7,1,1,2,5,1,1,3,2,30,37,25,0.35714285714285715,0.4065934065934066,0.35714285714285715,1584365966386,1584365671199,1584364787508,1584364491426,1584366086366,1584365985915,1584364461814,1584364422384,1584366382378,1584366277395,1584366399642,1584366382382,1584366277388,1584366125491,1584366125487,1584366086368,1584365653381,1584364824424,828957,17818,11710.0,3550.337278106509,0.00815,1.0,0.0,0.0,False,True,True,True,False,True,True,True,True,True,True,False,True,False,True,True,True,False,True,False,True,False,False,False,15,0.625,0.75,0.5,1.0,2.9570619191654095,4225.394366197183,3.728063241106719,3400.75,2.9405980662099,3060.0309278350514,2.9919913419913424,2626.4545454545455
3144,-0.002902393843371623,25-29,F,Right,Y,,Y,,Black,N,4,8,N,Reading all the words aloud,equal,equal,The retentiveness of an individual's memory,Nothing,5,,N,,6,2,5,2,3,4,4,7,3,6,5,5,5,54,57,44,0.6428571428571429,0.6263736263736264,0.6285714285714286,1584365719105,1584365427536,1584363702606,1584363409028,1584365879160,1584365768166,1584363352051,1584363276468,1584366643647,1584366377371,1584366703855,1584366643651,1584366377364,1584366022529,1584366022523,1584365879163,1584365374425,1584363782648,1591777,53111,15048.0,5660.424528301887,0.35835,1.0,0.0,0.0,False,True,False,True,True,False,False,False,True,False,False,True,True,False,False,False,False,False,False,False,False,False,False,False,6,0.25,0.4166666666666667,0.08333333333333333,1.0,2.662320827320827,5467.314814814815,4.746666666666666,8736.666666666666,2.839822510822511,5882.35294117647,2.6290909090909094,5972.8
3151,0.4786804527198452,55-59,F,Right,Y,,Y,,White,N,4,8,N,i just followed what i was told to do and chain words that came to mind,none,meaning,if the text made me think differently from the first word task to the second,i was confused but basically got what happened and it was sad so i had sad thoughts,5,none,N,,4,1,3,7,2,7,6,7,1,1,1,5,5,48,50,38,0.5714285714285714,0.5494505494505495,0.5428571428571428,1584396122271,1584395828169,1584394054020,1584393760775,1584396228364,1584396135384,1584393703638,1584393640024,1584396602978,1584396461182,1584396657626,1584396603015,1584396461157,1584396283627,1584396283616,1584396228372,1584395801758,1584394091171,1710587,26411,27488.0,6818.579545454545,19.505766666666666,6.0,4.129833333333333,0.0731,True,True,True,True,True,True,True,True,True,False,True,True,True,True,True,False,True,True,False,True,True,True,False,True,20,0.8333333333333334,0.9166666666666666,0.75,1.0,3.1597012864262393,6522.0,2.3,5861.2,4.6902966951747445,7287.585365853659,5.292380952380952,5874.8
3152,0.2480082383276827,25-29,F,Right,Y,,Y,,MORE,N,2,7,N,Trying to keep my mind active.,none,none,I have no idea.,The text influenced the words I thought of.,5,,N,,1,3,1,3,7,1,1,1,7,1,1,1,1,22,29,20,0.2619047619047619,0.31868131868131866,0.2857142857142857,1584380943785,1584380646716,1584380074262,1584379776345,1584381022132,1584380977520,1584379746709,1584379676025,1584381289899,1584381221284,1584381326918,1584381289913,1584381221259,1584381084722,1584381084704,1584381022168,1584380621844,1584380106904,514940,24872,23983.0,3108.9274611398964,2.3549,10.0,0.9601666666666666,0.21361666666666668,False,False,False,False,False,True,False,False,False,True,False,False,False,True,False,False,False,False,False,False,False,False,False,False,3,0.125,0.16666666666666666,0.08333333333333333,1.0,2.8827343279908497,2970.3960396039606,3.32315109133291,2643.090909090909,2.9819251087077174,3261.0108695652175,2.756937002391548,2383.25
3153,0.5713885621203604,35-39,F,Right,Y,,Y,,White,N,4,8,N,TRIED TO CONTINUE ON WITH THE FLOW,meaning,meaning,HOW YOU INTERPRET INDIVIDUAL WORDS,i WAS BETTER AT THE WORD CHAIN GAME AFTER READING THE TEXT,2,,N,,3,1,4,6,7,5,1,4,5,1,1,1,4,36,43,31,0.42857142857142855,0.4725274725274725,0.44285714285714284,1584365303436,1584365007808,1584364105683,1584363808001,1584365442494,1584365326421,1584363779494,1584363722827,1584365718161,1584365628065,1584365748295,1584365718190,1584365628032,1584365488892,1584365488859,1584365442509,1584364987263,1584364139291,847972,20545,97006.0,6667.233333333334,0.03783333333333334,1.0,0.0,0.0,True,False,False,False,False,True,False,True,True,False,False,True,False,False,False,False,False,False,False,False,True,False,False,False,6,0.25,0.4166666666666667,0.08333333333333333,1.0,2.6705478901131077,7991.0,3.3476566911349517,3947.0,2.415178677531619,5834.549019607844,3.3725501770956314,2668.6363636363635
3157,0.3221832708547848,30-34,F,Right,Y,,Y,,White,N,4,9,N,none,meaning,meaning,I have no idea,It felt shorter the second time,1,,N,,4,1,5,7,7,1,1,1,3,2,1,1,1,28,35,26,0.3333333333333333,0.38461538461538464,0.37142857142857144,1584366193333,1584365898314,1584364089987,1584363795114,1584366291582,1584366251143,1584363764850,1584363713468,1584366543854,1584366478051,1584366563934,1584366543857,1584366478046,1584366334869,1584366334862,1584366291585,1584365872175,1584364125385,1746790,26139,140687.0,5882.480392156863,0.0,0.0,0.0,0.0,False,True,False,True,True,True,True,True,True,True,True,False,False,False,False,False,False,True,True,True,False,False,True,False,13,0.5416666666666666,0.75,0.3333333333333333,1.0,2.5757575757575757,4747.9047619047615,2.1761904761904765,5740.6,2.8316097337836466,7391.216216216216,3.1244147157190634,3148.125
3159,-0.03303834952324752,30-34,M,Left,Y,,Y,,White,Y,3,10,N,to try and remember the sentence and words by repeating it,equal,equal,to test how we remember,none,3,,N,,5,5,6,6,5,5,5,5,2,5,5,5,4,58,63,49,0.6904761904761905,0.6923076923076923,0.7,1584366602135,1584366306525,1584364911447,1584364614886,1584366674332,1584366629866,1584364586677,1584364520189,1584366907449,1584366828821,1584366931145,1584366907452,1584366828816,1584366716603,1584366716598,1584366674334,1584366267557,1584364942717,1324840,38968,12136.0,3076.9589743589745,11.513483333333333,5.0,0.04541666666666667,0.0,True,False,False,False,False,True,False,True,False,True,False,False,True,False,False,False,False,False,True,False,True,False,False,False,7,0.2916666666666667,0.3333333333333333,0.25,1.0,2.9959194464955337,3325.8,2.975959595959596,3081.1111111111113,3.0338397848106586,2840.5533980582522,4.515,2965.7
3161,0.5649173341402892,45-49,M,Left,Y,,Y,,White,N,4,1,N,nothing - I just put down whatever word came to mind,meaning,meaning,I don't know.,I don't think there were any.  I do;t think I was really influenced by the story in between even though a word or 2 from it did end up in there.  I may have been kind of trying to avoid doing that too though,6,,N,,4,1,4,6,2,6,6,1,2,1,1,2,3,37,39,32,0.44047619047619047,0.42857142857142855,0.45714285714285713,1584372939841,1584372644300,1584370758144,1584370463083,1584373153497,1584373004402,1584370400375,1584370367677,1584374555778,1584374350587,1584374689809,1584374555783,1584374350579,1584373331234,1584373331226,1584373153500,1584372554958,1584370854484,1700474,89342,9454.0,3488.470930232558,0.79835,7.0,0.0,0.0,True,True,True,True,True,False,False,True,True,True,True,False,True,False,False,False,False,True,False,True,True,False,False,True,14,0.5833333333333334,0.75,0.4166666666666667,1.0,2.6950308333641666,3658.6341463414633,3.479761904761905,3586.5,2.445405714624083,3333.4333333333334,4.328571428571428,3994.285714285714
3162,0.5819916885354761,40-44,F,Right,Y,,Y,,White,N,4,8,N,"none, I just typed the next word that came to mind",meaning,meaning,not sure,none,1,To advance past page 5A - you have it set up to require 3 letters per word that you type but you don't actually tell us there so it seems like something is broken until I changed one of my words to a longer word - this caused frustration and a delay until I figured out the error,N,,2,1,2,2,7,1,1,1,2,1,1,1,1,16,23,14,0.19047619047619047,0.25274725274725274,0.2,1584365342079,1584365046998,1584364397791,1584364101239,1584365605422,1584365360206,1584364079438,1584364045597,1584365835135,1584365765817,1584365903713,1584365835141,1584365765807,1584365653696,1584365653692,1584365605424,1584365019810,1584364428361,591449,27188,11115.0,4109.698630136986,1.6025333333333334,2.0,0.0,0.0,True,True,False,True,False,True,True,True,False,True,True,False,True,True,False,False,False,False,False,False,True,False,False,False,11,0.4583333333333333,0.6666666666666666,0.25,1.0,2.8992533202092026,4375.85294117647,2.695,2698.4,2.602201950129675,3896.181818181818,2.885374149659864,4103.142857142857
3163,0.43363325677695,45-49,F,Right,Y,,Y,,White,N,4,5,N,words that went together,meaning,meaning,I have no idea.,none,3,none,N,,4,1,4,7,6,4,3,4,3,2,1,3,4,40,46,33,0.47619047619047616,0.5054945054945055,0.4714285714285714,1584365887499,1584365592757,1584364524401,1584364229264,1584366321199,1584366157067,1584364193573,1584364142043,1584366666412,1584366570646,1584366687916,1584366666414,1584366570641,1584366372378,1584366372373,1584366321201,1584365570071,1584364553110,1016961,22686,12154.0,3846.1923076923076,18.940333333333335,1.0,0.0,0.0,True,False,False,True,True,False,False,True,True,False,False,True,False,False,False,False,True,True,False,False,True,False,False,False,9,0.375,0.5,0.25,1.0,2.770143655079356,4054.225352112676,2.6142857142857143,4032.714285714286,3.0408909468390872,3607.578313253012,3.1464646464646466,2770.8888888888887
3164,0.20370885905625344,35-39,M,Right,Y,,Y,,White,N,5,8,N,"I tried to pick a theme and stay with it, also free association",meaning,meaning,The relationship between language and mathematics,I felt less creative and didn't want to repeat any of the words I used the first time too much,3,It would be nice to have access to the writing task completed so I can see it as a whole,N,,3,1,3,6,5,4,3,1,4,4,1,5,3,38,43,30,0.4523809523809524,0.4725274725274725,0.42857142857142855,1584394002932,1584393706089,1584393267818,1584392978258,1584394083739,1584394036190,1584392943673,1584392876243,1584394403798,1584394302056,1584394474411,1584394403810,1584394302042,1584394140460,1584394140445,1584394083745,1584393688825,1584393337714,351111,17264,142421.0,9836.22950819672,0.08431666666666666,1.0,0.0,0.08431666666666666,True,False,True,False,False,False,False,True,True,False,True,True,True,True,False,False,True,False,True,False,True,False,False,False,11,0.4583333333333333,0.5,0.4166666666666667,1.0,3.0000589265806656,6715.948717948718,3.4546974402409187,3746.75,3.7064545454545454,14028.25,4.099431818181818,3586.0
3166,0.6038695272742002,30-34,M,Right,Y,,Y,,White,N,1,9,N,typed whatever came to mind first,meaning,meaning,I have no clue,i did not really notice a difference. the second round perhaps felt shorter.,3,Interesting,N,,2,1,2,7,5,3,2,3,1,2,1,1,1,26,31,24,0.30952380952380953,0.34065934065934067,0.34285714285714286,1584366235138,1584365938195,1584364764299,1584364468271,1584366340459,1584366258613,1584364440921,1584364389566,1584366637227,1584366556724,1584366682273,1584366637232,1584366556716,1584366378352,1584366378345,1584366340462,1584365889239,1584364796276,1092963,48956,24856.0,3947.4144736842104,0.4880333333333333,4.0,0.0,0.0297,True,True,True,True,True,False,True,True,False,True,True,False,True,True,False,False,False,False,True,True,True,False,False,True,15,0.625,0.75,0.5,1.0,2.5896836771046257,4515.545454545455,2.7710442938703808,3114.4444444444443,2.3505126530532503,3555.6309523809523,2.712779973649539,2216.5
3168,0.5514956595065882,20-24,F,Right,Y,,Y,,White,N,2,8,N,Just any word that came to mind,meaning,meaning,How well I can understand text that is jumbled,No differences noticed,1,,N,,1,2,1,3,7,1,1,1,6,4,1,1,1,23,30,21,0.27380952380952384,0.32967032967032966,0.3,1584374333434,1584374035434,1584373415829,1584373117547,1584374470498,1584374351688,1584373098105,1584373050756,1584374699900,1584374631457,1584374716483,1584374699905,1584374631451,1584374513425,1584374513419,1584374470503,1584373986748,1584373441390,545358,48686,12156.0,2510.594142259414,0.0,0.0,0.0,0.0,True,False,False,False,False,True,False,True,True,False,False,False,True,True,False,False,False,False,False,False,True,False,False,False,7,0.2916666666666667,0.3333333333333333,0.25,1.0,2.7762069102704556,2559.08547008547,2.5964285714285715,1983.142857142857,2.1007335497287998,2475.775,2.578181818181818,1897.4666666666667
3172,0.5988314276444869,45-49,M,Right,Y,,Y,,White,N,1,1,N,Just tried to remember words from page to page,none,none,Something to do with cognition and memory is my guess.,No difference,2,,N,,2,1,1,4,6,5,1,1,5,1,1,1,3,26,32,22,0.30952380952380953,0.3516483516483517,0.3142857142857143,1584400703865,1584400413202,1584398982614,1584398686437,1584400963490,1584400750070,1584398636863,1584398541184,1584401550589,1584401393080,1584401591910,1584401550599,1584401393068,1584401081011,1584401080997,1584400963498,1584400345833,1584399041613,1304220,67369,35252.0,7692.615384615385,0.27454999999999996,2.0,0.0,0.0,False,False,False,True,False,True,False,False,True,True,False,True,True,True,False,False,False,True,False,False,False,False,False,False,8,0.3333333333333333,0.4166666666666667,0.25,1.0,2.3852084230133013,6726.547619047619,2.475,4681.5,3.340999686587922,7937.941176470588,4.213260073260074,5453.2
3173,0.6090074308778991,60-64,M,Right,Y,,Y,,White,N,2,10,N,free association,meaning,meaning,If you can drive me crazy or not. :-),No difference,1,,N,,1,1,1,7,7,1,1,1,7,1,1,1,1,24,31,22,0.2857142857142857,0.34065934065934067,0.3142857142857143,1584382781305,1584382485036,1584381292324,1584380997585,1584382909590,1584382810206,1584380959615,1584380908720,1584383310743,1584383179097,1584383341682,1584383310747,1584383179093,1584382979567,1584382979562,1584382909592,1584382455766,1584381333645,1122121,29270,13950.0,3773.635220125786,0.0,0.0,0.0,0.0,False,False,False,True,True,False,False,False,True,True,False,False,False,False,False,False,True,False,False,False,True,True,False,False,7,0.2916666666666667,0.3333333333333333,0.25,1.0,2.4815681970611547,4225.43661971831,2.647330447330447,4484.0,2.568660496591531,3409.1136363636365,2.1177272727272727,2835.5
